"","variable","gene","value","Scan Name","Target","Sample_ID","Group"
"7","DSP1001660035014AA02.dcc","DCDC2",8.79769959212792,"715 TL right 31","atop(atop(textstyle('PCO'),textstyle(italic('in vivo'))))","A02","IHD"
"8","DSP1001660035014AA02.dcc","PKHD1",8.98885082380389,"715 TL right 31","atop(atop(textstyle('PCO'),textstyle(italic('in vivo'))))","A02","IHD"
"9","DSP1001660035014AA02.dcc","HES4",6.73946792089278,"715 TL right 31","atop(atop(textstyle('PCO'),textstyle(italic('in vivo'))))","A02","IHD"
"10","DSP1001660035014AA02.dcc","BICC1",7.93315011418464,"715 TL right 31","atop(atop(textstyle('PCO'),textstyle(italic('in vivo'))))","A02","IHD"
"11","DSP1001660035014AA02.dcc","JAG1",8.03123516842545,"715 TL right 31","atop(atop(textstyle('PCO'),textstyle(italic('in vivo'))))","A02","IHD"
"12","DSP1001660035014AA02.dcc","SOX4",8.44118398285421,"715 TL right 31","atop(atop(textstyle('PCO'),textstyle(italic('in vivo'))))","A02","IHD"
"13","DSP1001660035014AA02.dcc","TACSTD2",8.31704270491324,"715 TL right 31","atop(atop(textstyle('PCO'),textstyle(italic('in vivo'))))","A02","IHD"
"14","DSP1001660035014AA02.dcc","HES1",7.08224973266116,"715 TL right 31","atop(atop(textstyle('PCO'),textstyle(italic('in vivo'))))","A02","IHD"
"15","DSP1001660035014AA02.dcc","TFF2",6.17916657334261,"715 TL right 31","atop(atop(textstyle('PCO'),textstyle(italic('in vivo'))))","A02","CBD"
"16","DSP1001660035014AA02.dcc","TFF3",5.63042296478933,"715 TL right 31","atop(atop(textstyle('PCO'),textstyle(italic('in vivo'))))","A02","CBD"
"17","DSP1001660035014AA02.dcc","TFF1",5.63042296478933,"715 TL right 31","atop(atop(textstyle('PCO'),textstyle(italic('in vivo'))))","A02","CBD"
"18","DSP1001660035014AA02.dcc","AQP5",5.63042296478933,"715 TL right 31","atop(atop(textstyle('PCO'),textstyle(italic('in vivo'))))","A02","CBD"
"19","DSP1001660035014AA02.dcc","FGF19",5.45302617805842,"715 TL right 31","atop(atop(textstyle('PCO'),textstyle(italic('in vivo'))))","A02","GB"
"20","DSP1001660035014AA02.dcc","SLC15A1",6.8864877907776,"715 TL right 31","atop(atop(textstyle('PCO'),textstyle(italic('in vivo'))))","A02","GB"
"21","DSP1001660035014AA02.dcc","MUC13",6.48634861979583,"715 TL right 31","atop(atop(textstyle('PCO'),textstyle(italic('in vivo'))))","A02","GB"
"22","DSP1001660035014AA02.dcc","SLC13A1",5.63042296478933,"715 TL right 31","atop(atop(textstyle('PCO'),textstyle(italic('in vivo'))))","A02","GB"
"23","DSP1001660035014AA02.dcc","SOX17",5.93072901759731,"715 TL right 31","atop(atop(textstyle('PCO'),textstyle(italic('in vivo'))))","A02","GB"
"30","DSP1001660035014AA03.dcc","DCDC2",8.44769327761588,"715 TL right 31","atop(atop(textstyle('PCO'),textstyle(italic('in vivo'))))","A03","IHD"
"31","DSP1001660035014AA03.dcc","PKHD1",9.00099214953928,"715 TL right 31","atop(atop(textstyle('PCO'),textstyle(italic('in vivo'))))","A03","IHD"
"32","DSP1001660035014AA03.dcc","HES4",6.83072840761108,"715 TL right 31","atop(atop(textstyle('PCO'),textstyle(italic('in vivo'))))","A03","IHD"
"33","DSP1001660035014AA03.dcc","BICC1",8.07383643858659,"715 TL right 31","atop(atop(textstyle('PCO'),textstyle(italic('in vivo'))))","A03","IHD"
"34","DSP1001660035014AA03.dcc","JAG1",7.67891888989687,"715 TL right 31","atop(atop(textstyle('PCO'),textstyle(italic('in vivo'))))","A03","IHD"
"35","DSP1001660035014AA03.dcc","SOX4",8.69233779393849,"715 TL right 31","atop(atop(textstyle('PCO'),textstyle(italic('in vivo'))))","A03","IHD"
"36","DSP1001660035014AA03.dcc","TACSTD2",8.19089019842218,"715 TL right 31","atop(atop(textstyle('PCO'),textstyle(italic('in vivo'))))","A03","IHD"
"37","DSP1001660035014AA03.dcc","HES1",6.73116162125214,"715 TL right 31","atop(atop(textstyle('PCO'),textstyle(italic('in vivo'))))","A03","IHD"
"38","DSP1001660035014AA03.dcc","TFF2",6.01096752832503,"715 TL right 31","atop(atop(textstyle('PCO'),textstyle(italic('in vivo'))))","A03","CBD"
"39","DSP1001660035014AA03.dcc","TFF3",6.73116162125214,"715 TL right 31","atop(atop(textstyle('PCO'),textstyle(italic('in vivo'))))","A03","CBD"
"40","DSP1001660035014AA03.dcc","TFF1",5.5081468028096,"715 TL right 31","atop(atop(textstyle('PCO'),textstyle(italic('in vivo'))))","A03","CBD"
"41","DSP1001660035014AA03.dcc","AQP5",5.92345663386228,"715 TL right 31","atop(atop(textstyle('PCO'),textstyle(italic('in vivo'))))","A03","CBD"
"42","DSP1001660035014AA03.dcc","FGF19",4.92263948427129,"715 TL right 31","atop(atop(textstyle('PCO'),textstyle(italic('in vivo'))))","A03","GB"
"43","DSP1001660035014AA03.dcc","SLC15A1",7.13337358128648,"715 TL right 31","atop(atop(textstyle('PCO'),textstyle(italic('in vivo'))))","A03","GB"
"44","DSP1001660035014AA03.dcc","MUC13",7.01135189641527,"715 TL right 31","atop(atop(textstyle('PCO'),textstyle(italic('in vivo'))))","A03","GB"
"45","DSP1001660035014AA03.dcc","SLC13A1",5.0927461145141,"715 TL right 31","atop(atop(textstyle('PCO'),textstyle(italic('in vivo'))))","A03","GB"
"46","DSP1001660035014AA03.dcc","SOX17",5.7306948485972,"715 TL right 31","atop(atop(textstyle('PCO'),textstyle(italic('in vivo'))))","A03","GB"
"53","DSP1001660035014AA04.dcc","DCDC2",8.6992202252415,"715 TL right 31","atop(atop(textstyle('PCO'),textstyle(italic('in vivo'))))","A04","IHD"
"54","DSP1001660035014AA04.dcc","PKHD1",9.20035494124689,"715 TL right 31","atop(atop(textstyle('PCO'),textstyle(italic('in vivo'))))","A04","IHD"
"55","DSP1001660035014AA04.dcc","HES4",5.82218460242906,"715 TL right 31","atop(atop(textstyle('PCO'),textstyle(italic('in vivo'))))","A04","IHD"
"56","DSP1001660035014AA04.dcc","BICC1",7.60497874191463,"715 TL right 31","atop(atop(textstyle('PCO'),textstyle(italic('in vivo'))))","A04","IHD"
"57","DSP1001660035014AA04.dcc","JAG1",7.88333705675297,"715 TL right 31","atop(atop(textstyle('PCO'),textstyle(italic('in vivo'))))","A04","IHD"
"58","DSP1001660035014AA04.dcc","SOX4",8.15203070607391,"715 TL right 31","atop(atop(textstyle('PCO'),textstyle(italic('in vivo'))))","A04","IHD"
"59","DSP1001660035014AA04.dcc","TACSTD2",7.49882552252942,"715 TL right 31","atop(atop(textstyle('PCO'),textstyle(italic('in vivo'))))","A04","IHD"
"60","DSP1001660035014AA04.dcc","HES1",6.50945126267059,"715 TL right 31","atop(atop(textstyle('PCO'),textstyle(italic('in vivo'))))","A04","IHD"
"61","DSP1001660035014AA04.dcc","TFF2",5.41846726124489,"715 TL right 31","atop(atop(textstyle('PCO'),textstyle(italic('in vivo'))))","A04","CBD"
"62","DSP1001660035014AA04.dcc","TFF3",6.61485328678583,"715 TL right 31","atop(atop(textstyle('PCO'),textstyle(italic('in vivo'))))","A04","CBD"
"63","DSP1001660035014AA04.dcc","TFF1",5.98831639275019,"715 TL right 31","atop(atop(textstyle('PCO'),textstyle(italic('in vivo'))))","A04","CBD"
"64","DSP1001660035014AA04.dcc","AQP5",6.27228774712294,"715 TL right 31","atop(atop(textstyle('PCO'),textstyle(italic('in vivo'))))","A04","CBD"
"65","DSP1001660035014AA04.dcc","FGF19",4.85588203962967,"715 TL right 31","atop(atop(textstyle('PCO'),textstyle(italic('in vivo'))))","A04","GB"
"66","DSP1001660035014AA04.dcc","SLC15A1",7.1235098467537,"715 TL right 31","atop(atop(textstyle('PCO'),textstyle(italic('in vivo'))))","A04","GB"
"67","DSP1001660035014AA04.dcc","MUC13",7.25975520592102,"715 TL right 31","atop(atop(textstyle('PCO'),textstyle(italic('in vivo'))))","A04","GB"
"68","DSP1001660035014AA04.dcc","SLC13A1",5.41846726124489,"715 TL right 31","atop(atop(textstyle('PCO'),textstyle(italic('in vivo'))))","A04","GB"
"69","DSP1001660035014AA04.dcc","SOX17",5.63440190126178,"715 TL right 31","atop(atop(textstyle('PCO'),textstyle(italic('in vivo'))))","A04","GB"
"76","DSP1001660035014AA05.dcc","DCDC2",8.62456106542693,"715 TL right 31","atop(atop(textstyle('PCO'),textstyle(italic('in vivo'))))","A05","IHD"
"77","DSP1001660035014AA05.dcc","PKHD1",9.26023268058181,"715 TL right 31","atop(atop(textstyle('PCO'),textstyle(italic('in vivo'))))","A05","IHD"
"78","DSP1001660035014AA05.dcc","HES4",6.89066476253604,"715 TL right 31","atop(atop(textstyle('PCO'),textstyle(italic('in vivo'))))","A05","IHD"
"79","DSP1001660035014AA05.dcc","BICC1",8.003781566459,"715 TL right 31","atop(atop(textstyle('PCO'),textstyle(italic('in vivo'))))","A05","IHD"
"80","DSP1001660035014AA05.dcc","JAG1",8.39737537316229,"715 TL right 31","atop(atop(textstyle('PCO'),textstyle(italic('in vivo'))))","A05","IHD"
"81","DSP1001660035014AA05.dcc","SOX4",8.90972691427263,"715 TL right 31","atop(atop(textstyle('PCO'),textstyle(italic('in vivo'))))","A05","IHD"
"82","DSP1001660035014AA05.dcc","TACSTD2",8.26878591511542,"715 TL right 31","atop(atop(textstyle('PCO'),textstyle(italic('in vivo'))))","A05","IHD"
"83","DSP1001660035014AA05.dcc","HES1",6.66400188456032,"715 TL right 31","atop(atop(textstyle('PCO'),textstyle(italic('in vivo'))))","A05","IHD"
"84","DSP1001660035014AA05.dcc","TFF2",5.25360306042248,"715 TL right 31","atop(atop(textstyle('PCO'),textstyle(italic('in vivo'))))","A05","CBD"
"85","DSP1001660035014AA05.dcc","TFF3",6.06399244663517,"715 TL right 31","atop(atop(textstyle('PCO'),textstyle(italic('in vivo'))))","A05","CBD"
"86","DSP1001660035014AA05.dcc","TFF1",5.93433047052922,"715 TL right 31","atop(atop(textstyle('PCO'),textstyle(italic('in vivo'))))","A05","CBD"
"87","DSP1001660035014AA05.dcc","AQP5",5.93433047052922,"715 TL right 31","atop(atop(textstyle('PCO'),textstyle(italic('in vivo'))))","A05","CBD"
"88","DSP1001660035014AA05.dcc","FGF19",5.45616112999646,"715 TL right 31","atop(atop(textstyle('PCO'),textstyle(italic('in vivo'))))","A05","GB"
"89","DSP1001660035014AA05.dcc","SLC15A1",7.31208433843797,"715 TL right 31","atop(atop(textstyle('PCO'),textstyle(italic('in vivo'))))","A05","GB"
"90","DSP1001660035014AA05.dcc","MUC13",6.06399244663517,"715 TL right 31","atop(atop(textstyle('PCO'),textstyle(italic('in vivo'))))","A05","GB"
"91","DSP1001660035014AA05.dcc","SLC13A1",5.25360306042248,"715 TL right 31","atop(atop(textstyle('PCO'),textstyle(italic('in vivo'))))","A05","GB"
"92","DSP1001660035014AA05.dcc","SOX17",6.39496752295649,"715 TL right 31","atop(atop(textstyle('PCO'),textstyle(italic('in vivo'))))","A05","GB"
"99","DSP1001660035014AA06.dcc","DCDC2",8.94798653679832,"715 TL right 31","atop(atop(textstyle('PCO'),textstyle(italic('in vivo'))))","A06","IHD"
"100","DSP1001660035014AA06.dcc","PKHD1",8.50166096005516,"715 TL right 31","atop(atop(textstyle('PCO'),textstyle(italic('in vivo'))))","A06","IHD"
"101","DSP1001660035014AA06.dcc","HES4",7.52441035422048,"715 TL right 31","atop(atop(textstyle('PCO'),textstyle(italic('in vivo'))))","A06","IHD"
"102","DSP1001660035014AA06.dcc","BICC1",7.72974557036868,"715 TL right 31","atop(atop(textstyle('PCO'),textstyle(italic('in vivo'))))","A06","IHD"
"103","DSP1001660035014AA06.dcc","JAG1",8.01793256544727,"715 TL right 31","atop(atop(textstyle('PCO'),textstyle(italic('in vivo'))))","A06","IHD"
"104","DSP1001660035014AA06.dcc","SOX4",8.94798653679832,"715 TL right 31","atop(atop(textstyle('PCO'),textstyle(italic('in vivo'))))","A06","IHD"
"105","DSP1001660035014AA06.dcc","TACSTD2",8.06925439431668,"715 TL right 31","atop(atop(textstyle('PCO'),textstyle(italic('in vivo'))))","A06","IHD"
"106","DSP1001660035014AA06.dcc","HES1",7.59615207127632,"715 TL right 31","atop(atop(textstyle('PCO'),textstyle(italic('in vivo'))))","A06","IHD"
"107","DSP1001660035014AA06.dcc","TFF2",4.6167204323389,"715 TL right 31","atop(atop(textstyle('PCO'),textstyle(italic('in vivo'))))","A06","CBD"
"108","DSP1001660035014AA06.dcc","TFF3",6.49571333957697,"715 TL right 31","atop(atop(textstyle('PCO'),textstyle(italic('in vivo'))))","A06","CBD"
"109","DSP1001660035014AA06.dcc","TFF1",4.6167204323389,"715 TL right 31","atop(atop(textstyle('PCO'),textstyle(italic('in vivo'))))","A06","CBD"
"110","DSP1001660035014AA06.dcc","AQP5",5.95608006198594,"715 TL right 31","atop(atop(textstyle('PCO'),textstyle(italic('in vivo'))))","A06","CBD"
"111","DSP1001660035014AA06.dcc","FGF19",4.6167204323389,"715 TL right 31","atop(atop(textstyle('PCO'),textstyle(italic('in vivo'))))","A06","GB"
"112","DSP1001660035014AA06.dcc","SLC15A1",7.44891355044854,"715 TL right 31","atop(atop(textstyle('PCO'),textstyle(italic('in vivo'))))","A06","GB"
"113","DSP1001660035014AA06.dcc","MUC13",6.33725486384945,"715 TL right 31","atop(atop(textstyle('PCO'),textstyle(italic('in vivo'))))","A06","GB"
"114","DSP1001660035014AA06.dcc","SLC13A1",4.6167204323389,"715 TL right 31","atop(atop(textstyle('PCO'),textstyle(italic('in vivo'))))","A06","GB"
"115","DSP1001660035014AA06.dcc","SOX17",5.95608006198594,"715 TL right 31","atop(atop(textstyle('PCO'),textstyle(italic('in vivo'))))","A06","GB"
"122","DSP1001660035014AA07.dcc","DCDC2",8.93322942225018,"715 TL right 31","atop(atop(textstyle('PCO'),textstyle(italic('in vivo'))))","A07","IHD"
"123","DSP1001660035014AA07.dcc","PKHD1",8.99092308891934,"715 TL right 31","atop(atop(textstyle('PCO'),textstyle(italic('in vivo'))))","A07","IHD"
"124","DSP1001660035014AA07.dcc","HES4",6.49091664290933,"715 TL right 31","atop(atop(textstyle('PCO'),textstyle(italic('in vivo'))))","A07","IHD"
"125","DSP1001660035014AA07.dcc","BICC1",8.1262919580837,"715 TL right 31","atop(atop(textstyle('PCO'),textstyle(italic('in vivo'))))","A07","IHD"
"126","DSP1001660035014AA07.dcc","JAG1",7.77863424680526,"715 TL right 31","atop(atop(textstyle('PCO'),textstyle(italic('in vivo'))))","A07","IHD"
"127","DSP1001660035014AA07.dcc","SOX4",9.09981856044761,"715 TL right 31","atop(atop(textstyle('PCO'),textstyle(italic('in vivo'))))","A07","IHD"
"128","DSP1001660035014AA07.dcc","TACSTD2",8.88839276607648,"715 TL right 31","atop(atop(textstyle('PCO'),textstyle(italic('in vivo'))))","A07","IHD"
"129","DSP1001660035014AA07.dcc","HES1",7.0205000792244,"715 TL right 31","atop(atop(textstyle('PCO'),textstyle(italic('in vivo'))))","A07","IHD"
"130","DSP1001660035014AA07.dcc","TFF2",5.32476879833912,"715 TL right 31","atop(atop(textstyle('PCO'),textstyle(italic('in vivo'))))","A07","CBD"
"131","DSP1001660035014AA07.dcc","TFF3",6.12921078593265,"715 TL right 31","atop(atop(textstyle('PCO'),textstyle(italic('in vivo'))))","A07","CBD"
"132","DSP1001660035014AA07.dcc","TFF1",5.32476879833912,"715 TL right 31","atop(atop(textstyle('PCO'),textstyle(italic('in vivo'))))","A07","CBD"
"133","DSP1001660035014AA07.dcc","AQP5",5.13309339301953,"715 TL right 31","atop(atop(textstyle('PCO'),textstyle(italic('in vivo'))))","A07","CBD"
"134","DSP1001660035014AA07.dcc","FGF19",5.32476879833912,"715 TL right 31","atop(atop(textstyle('PCO'),textstyle(italic('in vivo'))))","A07","GB"
"135","DSP1001660035014AA07.dcc","SLC15A1",7.17782450639985,"715 TL right 31","atop(atop(textstyle('PCO'),textstyle(italic('in vivo'))))","A07","GB"
"136","DSP1001660035014AA07.dcc","MUC13",6.56875989956417,"715 TL right 31","atop(atop(textstyle('PCO'),textstyle(italic('in vivo'))))","A07","GB"
"137","DSP1001660035014AA07.dcc","SLC13A1",5.49393915911848,"715 TL right 31","atop(atop(textstyle('PCO'),textstyle(italic('in vivo'))))","A07","GB"
"138","DSP1001660035014AA07.dcc","SOX17",5.32476879833912,"715 TL right 31","atop(atop(textstyle('PCO'),textstyle(italic('in vivo'))))","A07","GB"
"145","DSP1001660035014AA08.dcc","DCDC2",8.57084185957957,"715 TL right 31","atop(atop(textstyle('PCO'),textstyle(italic('in vivo'))))","A08","IHD"
"146","DSP1001660035014AA08.dcc","PKHD1",8.90639751224878,"715 TL right 31","atop(atop(textstyle('PCO'),textstyle(italic('in vivo'))))","A08","IHD"
"147","DSP1001660035014AA08.dcc","HES4",7.12533696725545,"715 TL right 31","atop(atop(textstyle('PCO'),textstyle(italic('in vivo'))))","A08","IHD"
"148","DSP1001660035014AA08.dcc","BICC1",7.43303983043611,"715 TL right 31","atop(atop(textstyle('PCO'),textstyle(italic('in vivo'))))","A08","IHD"
"149","DSP1001660035014AA08.dcc","JAG1",7.50070361502536,"715 TL right 31","atop(atop(textstyle('PCO'),textstyle(italic('in vivo'))))","A08","IHD"
"150","DSP1001660035014AA08.dcc","SOX4",8.08950738582385,"715 TL right 31","atop(atop(textstyle('PCO'),textstyle(italic('in vivo'))))","A08","IHD"
"151","DSP1001660035014AA08.dcc","TACSTD2",8.43907382209248,"715 TL right 31","atop(atop(textstyle('PCO'),textstyle(italic('in vivo'))))","A08","IHD"
"152","DSP1001660035014AA08.dcc","HES1",7.3620457130277,"715 TL right 31","atop(atop(textstyle('PCO'),textstyle(italic('in vivo'))))","A08","IHD"
"153","DSP1001660035014AA08.dcc","TFF2",5.32342359589869,"715 TL right 31","atop(atop(textstyle('PCO'),textstyle(italic('in vivo'))))","A08","CBD"
"154","DSP1001660035014AA08.dcc","TFF3",6.48911805508308,"715 TL right 31","atop(atop(textstyle('PCO'),textstyle(italic('in vivo'))))","A08","CBD"
"155","DSP1001660035014AA08.dcc","TFF1",5.32342359589869,"715 TL right 31","atop(atop(textstyle('PCO'),textstyle(italic('in vivo'))))","A08","CBD"
"156","DSP1001660035014AA08.dcc","AQP5",6.48911805508308,"715 TL right 31","atop(atop(textstyle('PCO'),textstyle(italic('in vivo'))))","A08","CBD"
"157","DSP1001660035014AA08.dcc","FGF19",5.59513049049522,"715 TL right 31","atop(atop(textstyle('PCO'),textstyle(italic('in vivo'))))","A08","GB"
"158","DSP1001660035014AA08.dcc","SLC15A1",7.12533696725545,"715 TL right 31","atop(atop(textstyle('PCO'),textstyle(italic('in vivo'))))","A08","GB"
"159","DSP1001660035014AA08.dcc","MUC13",6.48911805508308,"715 TL right 31","atop(atop(textstyle('PCO'),textstyle(italic('in vivo'))))","A08","GB"
"160","DSP1001660035014AA08.dcc","SLC13A1",5.82368578300716,"715 TL right 31","atop(atop(textstyle('PCO'),textstyle(italic('in vivo'))))","A08","GB"
"161","DSP1001660035014AA08.dcc","SOX17",5.59513049049522,"715 TL right 31","atop(atop(textstyle('PCO'),textstyle(italic('in vivo'))))","A08","GB"
"168","DSP1001660035014AA09.dcc","DCDC2",8.7148856818225,"715 TL right 31","atop(atop(textstyle('PCO'),textstyle(italic('in vivo'))))","A09","IHD"
"169","DSP1001660035014AA09.dcc","PKHD1",9.10521750178151,"715 TL right 31","atop(atop(textstyle('PCO'),textstyle(italic('in vivo'))))","A09","IHD"
"170","DSP1001660035014AA09.dcc","HES4",6.10237105977206,"715 TL right 31","atop(atop(textstyle('PCO'),textstyle(italic('in vivo'))))","A09","IHD"
"171","DSP1001660035014AA09.dcc","BICC1",7.98193791422682,"715 TL right 31","atop(atop(textstyle('PCO'),textstyle(italic('in vivo'))))","A09","IHD"
"172","DSP1001660035014AA09.dcc","JAG1",7.98193791422682,"715 TL right 31","atop(atop(textstyle('PCO'),textstyle(italic('in vivo'))))","A09","IHD"
"173","DSP1001660035014AA09.dcc","SOX4",8.25914916440231,"715 TL right 31","atop(atop(textstyle('PCO'),textstyle(italic('in vivo'))))","A09","IHD"
"174","DSP1001660035014AA09.dcc","TACSTD2",8.09222602836011,"715 TL right 31","atop(atop(textstyle('PCO'),textstyle(italic('in vivo'))))","A09","IHD"
"175","DSP1001660035014AA09.dcc","HES1",7.15329637777749,"715 TL right 31","atop(atop(textstyle('PCO'),textstyle(italic('in vivo'))))","A09","IHD"
"176","DSP1001660035014AA09.dcc","TFF2",5.78964083874973,"715 TL right 31","atop(atop(textstyle('PCO'),textstyle(italic('in vivo'))))","A09","CBD"
"177","DSP1001660035014AA09.dcc","TFF3",6.10237105977206,"715 TL right 31","atop(atop(textstyle('PCO'),textstyle(italic('in vivo'))))","A09","CBD"
"178","DSP1001660035014AA09.dcc","TFF1",5.13881585865437,"715 TL right 31","atop(atop(textstyle('PCO'),textstyle(italic('in vivo'))))","A09","CBD"
"179","DSP1001660035014AA09.dcc","AQP5",5.26976116720957,"715 TL right 31","atop(atop(textstyle('PCO'),textstyle(italic('in vivo'))))","A09","CBD"
"180","DSP1001660035014AA09.dcc","FGF19",5.50062112924438,"715 TL right 31","atop(atop(textstyle('PCO'),textstyle(italic('in vivo'))))","A09","GB"
"181","DSP1001660035014AA09.dcc","SLC15A1",6.97283767317411,"715 TL right 31","atop(atop(textstyle('PCO'),textstyle(italic('in vivo'))))","A09","GB"
"182","DSP1001660035014AA09.dcc","MUC13",6.97283767317411,"715 TL right 31","atop(atop(textstyle('PCO'),textstyle(italic('in vivo'))))","A09","GB"
"183","DSP1001660035014AA09.dcc","SLC13A1",5.50062112924438,"715 TL right 31","atop(atop(textstyle('PCO'),textstyle(italic('in vivo'))))","A09","GB"
"184","DSP1001660035014AA09.dcc","SOX17",5.13881585865437,"715 TL right 31","atop(atop(textstyle('PCO'),textstyle(italic('in vivo'))))","A09","GB"
"191","DSP1001660035014AA10.dcc","DCDC2",7.34849896412012,"715 TL right 31","atop(atop(textstyle('PCO'),textstyle(italic('in vivo'))))","A10","IHD"
"192","DSP1001660035014AA10.dcc","PKHD1",7.34849896412012,"715 TL right 31","atop(atop(textstyle('PCO'),textstyle(italic('in vivo'))))","A10","IHD"
"193","DSP1001660035014AA10.dcc","HES4",6.00950411390618,"715 TL right 31","atop(atop(textstyle('PCO'),textstyle(italic('in vivo'))))","A10","IHD"
"194","DSP1001660035014AA10.dcc","BICC1",6.00950411390618,"715 TL right 31","atop(atop(textstyle('PCO'),textstyle(italic('in vivo'))))","A10","IHD"
"195","DSP1001660035014AA10.dcc","JAG1",7.7296184142646,"715 TL right 31","atop(atop(textstyle('PCO'),textstyle(italic('in vivo'))))","A10","IHD"
"196","DSP1001660035014AA10.dcc","SOX4",6.82907014223017,"715 TL right 31","atop(atop(textstyle('PCO'),textstyle(italic('in vivo'))))","A10","IHD"
"197","DSP1001660035014AA10.dcc","TACSTD2",6.00950411390618,"715 TL right 31","atop(atop(textstyle('PCO'),textstyle(italic('in vivo'))))","A10","IHD"
"198","DSP1001660035014AA10.dcc","HES1",6.00950411390618,"715 TL right 31","atop(atop(textstyle('PCO'),textstyle(italic('in vivo'))))","A10","IHD"
"199","DSP1001660035014AA10.dcc","TFF2",6.82907014223017,"715 TL right 31","atop(atop(textstyle('PCO'),textstyle(italic('in vivo'))))","A10","CBD"
"200","DSP1001660035014AA10.dcc","TFF3",6.00950411390618,"715 TL right 31","atop(atop(textstyle('PCO'),textstyle(italic('in vivo'))))","A10","CBD"
"201","DSP1001660035014AA10.dcc","TFF1",6.00950411390618,"715 TL right 31","atop(atop(textstyle('PCO'),textstyle(italic('in vivo'))))","A10","CBD"
"202","DSP1001660035014AA10.dcc","AQP5",6.00950411390618,"715 TL right 31","atop(atop(textstyle('PCO'),textstyle(italic('in vivo'))))","A10","CBD"
"203","DSP1001660035014AA10.dcc","FGF19",6.00950411390618,"715 TL right 31","atop(atop(textstyle('PCO'),textstyle(italic('in vivo'))))","A10","GB"
"204","DSP1001660035014AA10.dcc","SLC15A1",6.00950411390618,"715 TL right 31","atop(atop(textstyle('PCO'),textstyle(italic('in vivo'))))","A10","GB"
"205","DSP1001660035014AA10.dcc","MUC13",6.00950411390618,"715 TL right 31","atop(atop(textstyle('PCO'),textstyle(italic('in vivo'))))","A10","GB"
"206","DSP1001660035014AA10.dcc","SLC13A1",6.00950411390618,"715 TL right 31","atop(atop(textstyle('PCO'),textstyle(italic('in vivo'))))","A10","GB"
"207","DSP1001660035014AA10.dcc","SOX17",6.00950411390618,"715 TL right 31","atop(atop(textstyle('PCO'),textstyle(italic('in vivo'))))","A10","GB"
"214","DSP1001660035014AA11.dcc","DCDC2",8.47162219836217,"715 TL right 31","atop(atop(textstyle('PCO'),textstyle(italic('in vivo'))))","A11","IHD"
"215","DSP1001660035014AA11.dcc","PKHD1",9.17921126674905,"715 TL right 31","atop(atop(textstyle('PCO'),textstyle(italic('in vivo'))))","A11","IHD"
"216","DSP1001660035014AA11.dcc","HES4",6.23728764600182,"715 TL right 31","atop(atop(textstyle('PCO'),textstyle(italic('in vivo'))))","A11","IHD"
"217","DSP1001660035014AA11.dcc","BICC1",8.03234970658064,"715 TL right 31","atop(atop(textstyle('PCO'),textstyle(italic('in vivo'))))","A11","IHD"
"218","DSP1001660035014AA11.dcc","JAG1",7.73113990419241,"715 TL right 31","atop(atop(textstyle('PCO'),textstyle(italic('in vivo'))))","A11","IHD"
"219","DSP1001660035014AA11.dcc","SOX4",8.61969152339429,"715 TL right 31","atop(atop(textstyle('PCO'),textstyle(italic('in vivo'))))","A11","IHD"
"220","DSP1001660035014AA11.dcc","TACSTD2",8.09152912083945,"715 TL right 31","atop(atop(textstyle('PCO'),textstyle(italic('in vivo'))))","A11","IHD"
"221","DSP1001660035014AA11.dcc","HES1",6.83049033199446,"715 TL right 31","atop(atop(textstyle('PCO'),textstyle(italic('in vivo'))))","A11","IHD"
"222","DSP1001660035014AA11.dcc","TFF2",5.41121840194892,"715 TL right 31","atop(atop(textstyle('PCO'),textstyle(italic('in vivo'))))","A11","CBD"
"223","DSP1001660035014AA11.dcc","TFF3",6.83049033199446,"715 TL right 31","atop(atop(textstyle('PCO'),textstyle(italic('in vivo'))))","A11","CBD"
"224","DSP1001660035014AA11.dcc","TFF1",5.41121840194892,"715 TL right 31","atop(atop(textstyle('PCO'),textstyle(italic('in vivo'))))","A11","CBD"
"225","DSP1001660035014AA11.dcc","AQP5",5.74191006549177,"715 TL right 31","atop(atop(textstyle('PCO'),textstyle(italic('in vivo'))))","A11","CBD"
"226","DSP1001660035014AA11.dcc","FGF19",5.212280878879,"715 TL right 31","atop(atop(textstyle('PCO'),textstyle(italic('in vivo'))))","A11","GB"
"227","DSP1001660035014AA11.dcc","SLC15A1",6.12846415841337,"715 TL right 31","atop(atop(textstyle('PCO'),textstyle(italic('in vivo'))))","A11","GB"
"228","DSP1001660035014AA11.dcc","MUC13",6.43302831148696,"715 TL right 31","atop(atop(textstyle('PCO'),textstyle(italic('in vivo'))))","A11","GB"
"229","DSP1001660035014AA11.dcc","SLC13A1",5.58601862322973,"715 TL right 31","atop(atop(textstyle('PCO'),textstyle(italic('in vivo'))))","A11","GB"
"230","DSP1001660035014AA11.dcc","SOX17",6.01075741512968,"715 TL right 31","atop(atop(textstyle('PCO'),textstyle(italic('in vivo'))))","A11","GB"
"237","DSP1001660035014AA12.dcc","DCDC2",8.42484454382234,"715 TL right 31","atop(atop(textstyle('PCO'),textstyle(italic('in vivo'))))","A12","IHD"
"238","DSP1001660035014AA12.dcc","PKHD1",8.91283917456929,"715 TL right 31","atop(atop(textstyle('PCO'),textstyle(italic('in vivo'))))","A12","IHD"
"239","DSP1001660035014AA12.dcc","HES4",5.25554140318278,"715 TL right 31","atop(atop(textstyle('PCO'),textstyle(italic('in vivo'))))","A12","IHD"
"240","DSP1001660035014AA12.dcc","BICC1",7.41582106809155,"715 TL right 31","atop(atop(textstyle('PCO'),textstyle(italic('in vivo'))))","A12","IHD"
"241","DSP1001660035014AA12.dcc","JAG1",7.79850438659631,"715 TL right 31","atop(atop(textstyle('PCO'),textstyle(italic('in vivo'))))","A12","IHD"
"242","DSP1001660035014AA12.dcc","SOX4",8.29849567394571,"715 TL right 31","atop(atop(textstyle('PCO'),textstyle(italic('in vivo'))))","A12","IHD"
"243","DSP1001660035014AA12.dcc","TACSTD2",8.32466620462466,"715 TL right 31","atop(atop(textstyle('PCO'),textstyle(italic('in vivo'))))","A12","IHD"
"244","DSP1001660035014AA12.dcc","HES1",7.68186957443146,"715 TL right 31","atop(atop(textstyle('PCO'),textstyle(italic('in vivo'))))","A12","IHD"
"245","DSP1001660035014AA12.dcc","TFF2",6.18549998468356,"715 TL right 31","atop(atop(textstyle('PCO'),textstyle(italic('in vivo'))))","A12","CBD"
"246","DSP1001660035014AA12.dcc","TFF3",6.66673570338031,"715 TL right 31","atop(atop(textstyle('PCO'),textstyle(italic('in vivo'))))","A12","CBD"
"247","DSP1001660035014AA12.dcc","TFF1",5.45826655308278,"715 TL right 31","atop(atop(textstyle('PCO'),textstyle(italic('in vivo'))))","A12","CBD"
"248","DSP1001660035014AA12.dcc","AQP5",6.18549998468356,"715 TL right 31","atop(atop(textstyle('PCO'),textstyle(italic('in vivo'))))","A12","CBD"
"249","DSP1001660035014AA12.dcc","FGF19",4.3861806767411,"715 TL right 31","atop(atop(textstyle('PCO'),textstyle(italic('in vivo'))))","A12","GB"
"250","DSP1001660035014AA12.dcc","SLC15A1",7.14916140973965,"715 TL right 31","atop(atop(textstyle('PCO'),textstyle(italic('in vivo'))))","A12","GB"
"251","DSP1001660035014AA12.dcc","MUC13",6.89346831153587,"715 TL right 31","atop(atop(textstyle('PCO'),textstyle(italic('in vivo'))))","A12","GB"
"252","DSP1001660035014AA12.dcc","SLC13A1",5.25554140318278,"715 TL right 31","atop(atop(textstyle('PCO'),textstyle(italic('in vivo'))))","A12","GB"
"253","DSP1001660035014AA12.dcc","SOX17",5.79418946474296,"715 TL right 31","atop(atop(textstyle('PCO'),textstyle(italic('in vivo'))))","A12","GB"
"260","DSP1001660035014AB01.dcc","DCDC2",8.70859236107651,"715 TL right 31","atop(atop(textstyle('PCO'),textstyle(italic('in vivo'))))","B01","IHD"
"261","DSP1001660035014AB01.dcc","PKHD1",8.98954865429029,"715 TL right 31","atop(atop(textstyle('PCO'),textstyle(italic('in vivo'))))","B01","IHD"
"262","DSP1001660035014AB01.dcc","HES4",7.02133790078665,"715 TL right 31","atop(atop(textstyle('PCO'),textstyle(italic('in vivo'))))","B01","IHD"
"263","DSP1001660035014AB01.dcc","BICC1",7.56100469973131,"715 TL right 31","atop(atop(textstyle('PCO'),textstyle(italic('in vivo'))))","B01","IHD"
"264","DSP1001660035014AB01.dcc","JAG1",7.71801378667129,"715 TL right 31","atop(atop(textstyle('PCO'),textstyle(italic('in vivo'))))","B01","IHD"
"265","DSP1001660035014AB01.dcc","SOX4",8.67614261978888,"715 TL right 31","atop(atop(textstyle('PCO'),textstyle(italic('in vivo'))))","B01","IHD"
"266","DSP1001660035014AB01.dcc","TACSTD2",8.24601701455659,"715 TL right 31","atop(atop(textstyle('PCO'),textstyle(italic('in vivo'))))","B01","IHD"
"267","DSP1001660035014AB01.dcc","HES1",7.33023016080554,"715 TL right 31","atop(atop(textstyle('PCO'),textstyle(italic('in vivo'))))","B01","IHD"
"268","DSP1001660035014AB01.dcc","TFF2",5.94653645980673,"715 TL right 31","atop(atop(textstyle('PCO'),textstyle(italic('in vivo'))))","B01","CBD"
"269","DSP1001660035014AB01.dcc","TFF3",6.32699354416282,"715 TL right 31","atop(atop(textstyle('PCO'),textstyle(italic('in vivo'))))","B01","CBD"
"270","DSP1001660035014AB01.dcc","TFF1",5.79359572638525,"715 TL right 31","atop(atop(textstyle('PCO'),textstyle(italic('in vivo'))))","B01","CBD"
"271","DSP1001660035014AB01.dcc","AQP5",5.94653645980673,"715 TL right 31","atop(atop(textstyle('PCO'),textstyle(italic('in vivo'))))","B01","CBD"
"272","DSP1001660035014AB01.dcc","FGF19",5.94653645980673,"715 TL right 31","atop(atop(textstyle('PCO'),textstyle(italic('in vivo'))))","B01","GB"
"273","DSP1001660035014AB01.dcc","SLC15A1",6.8379325414493,"715 TL right 31","atop(atop(textstyle('PCO'),textstyle(italic('in vivo'))))","B01","GB"
"274","DSP1001660035014AB01.dcc","MUC13",6.27015077250918,"715 TL right 31","atop(atop(textstyle('PCO'),textstyle(italic('in vivo'))))","B01","GB"
"275","DSP1001660035014AB01.dcc","SLC13A1",4.93807568072742,"715 TL right 31","atop(atop(textstyle('PCO'),textstyle(italic('in vivo'))))","B01","GB"
"276","DSP1001660035014AB01.dcc","SOX17",6.27015077250918,"715 TL right 31","atop(atop(textstyle('PCO'),textstyle(italic('in vivo'))))","B01","GB"
"283","DSP1001660035014AB02.dcc","DCDC2",8.56493026436879,"715 TL right 31","atop(atop(textstyle('PCO'),textstyle(italic('in vivo'))))","B02","IHD"
"284","DSP1001660035014AB02.dcc","PKHD1",8.93737655317852,"715 TL right 31","atop(atop(textstyle('PCO'),textstyle(italic('in vivo'))))","B02","IHD"
"285","DSP1001660035014AB02.dcc","HES4",7.28181722036655,"715 TL right 31","atop(atop(textstyle('PCO'),textstyle(italic('in vivo'))))","B02","IHD"
"286","DSP1001660035014AB02.dcc","BICC1",8.14814200232338,"715 TL right 31","atop(atop(textstyle('PCO'),textstyle(italic('in vivo'))))","B02","IHD"
"287","DSP1001660035014AB02.dcc","JAG1",7.87103158347817,"715 TL right 31","atop(atop(textstyle('PCO'),textstyle(italic('in vivo'))))","B02","IHD"
"288","DSP1001660035014AB02.dcc","SOX4",8.71430817643001,"715 TL right 31","atop(atop(textstyle('PCO'),textstyle(italic('in vivo'))))","B02","IHD"
"289","DSP1001660035014AB02.dcc","TACSTD2",7.87103158347817,"715 TL right 31","atop(atop(textstyle('PCO'),textstyle(italic('in vivo'))))","B02","IHD"
"290","DSP1001660035014AB02.dcc","HES1",7.68080850019202,"715 TL right 31","atop(atop(textstyle('PCO'),textstyle(italic('in vivo'))))","B02","IHD"
"291","DSP1001660035014AB02.dcc","TFF2",6.3442747849642,"715 TL right 31","atop(atop(textstyle('PCO'),textstyle(italic('in vivo'))))","B02","CBD"
"292","DSP1001660035014AB02.dcc","TFF3",6.18955064503453,"715 TL right 31","atop(atop(textstyle('PCO'),textstyle(italic('in vivo'))))","B02","CBD"
"293","DSP1001660035014AB02.dcc","TFF1",5.16205413035281,"715 TL right 31","atop(atop(textstyle('PCO'),textstyle(italic('in vivo'))))","B02","CBD"
"294","DSP1001660035014AB02.dcc","AQP5",5.70955170635118,"715 TL right 31","atop(atop(textstyle('PCO'),textstyle(italic('in vivo'))))","B02","CBD"
"295","DSP1001660035014AB02.dcc","FGF19",5.92105870128326,"715 TL right 31","atop(atop(textstyle('PCO'),textstyle(italic('in vivo'))))","B02","GB"
"296","DSP1001660035014AB02.dcc","SLC15A1",7.42742322673368,"715 TL right 31","atop(atop(textstyle('PCO'),textstyle(italic('in vivo'))))","B02","GB"
"297","DSP1001660035014AB02.dcc","MUC13",6.72842146688725,"715 TL right 31","atop(atop(textstyle('PCO'),textstyle(italic('in vivo'))))","B02","GB"
"298","DSP1001660035014AB02.dcc","SLC13A1",5.70955170635118,"715 TL right 31","atop(atop(textstyle('PCO'),textstyle(italic('in vivo'))))","B02","GB"
"299","DSP1001660035014AB02.dcc","SOX17",5.46162021950789,"715 TL right 31","atop(atop(textstyle('PCO'),textstyle(italic('in vivo'))))","B02","GB"
"306","DSP1001660035014AB03.dcc","DCDC2",8.71911877774014,"709 NM left 111","atop(atop(textstyle('ePCO'),textstyle(italic('in vivo'))))","B03","IHD"
"307","DSP1001660035014AB03.dcc","PKHD1",8.71911877774014,"709 NM left 111","atop(atop(textstyle('ePCO'),textstyle(italic('in vivo'))))","B03","IHD"
"308","DSP1001660035014AB03.dcc","HES4",6.76689877916621,"709 NM left 111","atop(atop(textstyle('ePCO'),textstyle(italic('in vivo'))))","B03","IHD"
"309","DSP1001660035014AB03.dcc","BICC1",7.86981092844159,"709 NM left 111","atop(atop(textstyle('ePCO'),textstyle(italic('in vivo'))))","B03","IHD"
"310","DSP1001660035014AB03.dcc","JAG1",7.13087668390799,"709 NM left 111","atop(atop(textstyle('ePCO'),textstyle(italic('in vivo'))))","B03","IHD"
"311","DSP1001660035014AB03.dcc","SOX4",7.28337219184751,"709 NM left 111","atop(atop(textstyle('ePCO'),textstyle(italic('in vivo'))))","B03","IHD"
"312","DSP1001660035014AB03.dcc","TACSTD2",8.13333707741119,"709 NM left 111","atop(atop(textstyle('ePCO'),textstyle(italic('in vivo'))))","B03","IHD"
"313","DSP1001660035014AB03.dcc","HES1",6.96033592790669,"709 NM left 111","atop(atop(textstyle('ePCO'),textstyle(italic('in vivo'))))","B03","IHD"
"314","DSP1001660035014AB03.dcc","TFF2",6.27893439919245,"709 NM left 111","atop(atop(textstyle('ePCO'),textstyle(italic('in vivo'))))","B03","CBD"
"315","DSP1001660035014AB03.dcc","TFF3",7.13087668390799,"709 NM left 111","atop(atop(textstyle('ePCO'),textstyle(italic('in vivo'))))","B03","CBD"
"316","DSP1001660035014AB03.dcc","TFF1",4.94361042865788,"709 NM left 111","atop(atop(textstyle('ePCO'),textstyle(italic('in vivo'))))","B03","CBD"
"317","DSP1001660035014AB03.dcc","AQP5",6.27893439919245,"709 NM left 111","atop(atop(textstyle('ePCO'),textstyle(italic('in vivo'))))","B03","CBD"
"318","DSP1001660035014AB03.dcc","FGF19",4.94361042865788,"709 NM left 111","atop(atop(textstyle('ePCO'),textstyle(italic('in vivo'))))","B03","GB"
"319","DSP1001660035014AB03.dcc","SLC15A1",5.9547822783915,"709 NM left 111","atop(atop(textstyle('ePCO'),textstyle(italic('in vivo'))))","B03","GB"
"320","DSP1001660035014AB03.dcc","MUC13",7.77006445651221,"709 NM left 111","atop(atop(textstyle('ePCO'),textstyle(italic('in vivo'))))","B03","GB"
"321","DSP1001660035014AB03.dcc","SLC13A1",4.94361042865788,"709 NM left 111","atop(atop(textstyle('ePCO'),textstyle(italic('in vivo'))))","B03","GB"
"322","DSP1001660035014AB03.dcc","SOX17",5.9547822783915,"709 NM left 111","atop(atop(textstyle('ePCO'),textstyle(italic('in vivo'))))","B03","GB"
"329","DSP1001660035014AB05.dcc","DCDC2",7.72373014746445,"709 NM left 111","atop(atop(textstyle('ePCO'),textstyle(italic('in vivo'))))","B05","IHD"
"330","DSP1001660035014AB05.dcc","PKHD1",8.52877657284024,"709 NM left 111","atop(atop(textstyle('ePCO'),textstyle(italic('in vivo'))))","B05","IHD"
"331","DSP1001660035014AB05.dcc","HES4",6.59267083183632,"709 NM left 111","atop(atop(textstyle('ePCO'),textstyle(italic('in vivo'))))","B05","IHD"
"332","DSP1001660035014AB05.dcc","BICC1",7.07472571162281,"709 NM left 111","atop(atop(textstyle('ePCO'),textstyle(italic('in vivo'))))","B05","IHD"
"333","DSP1001660035014AB05.dcc","JAG1",7.39496487279197,"709 NM left 111","atop(atop(textstyle('ePCO'),textstyle(italic('in vivo'))))","B05","IHD"
"334","DSP1001660035014AB05.dcc","SOX4",7.51307561076325,"709 NM left 111","atop(atop(textstyle('ePCO'),textstyle(italic('in vivo'))))","B05","IHD"
"335","DSP1001660035014AB05.dcc","TACSTD2",8.19353513290583,"709 NM left 111","atop(atop(textstyle('ePCO'),textstyle(italic('in vivo'))))","B05","IHD"
"336","DSP1001660035014AB05.dcc","HES1",7.07472571162281,"709 NM left 111","atop(atop(textstyle('ePCO'),textstyle(italic('in vivo'))))","B05","IHD"
"337","DSP1001660035014AB05.dcc","TFF2",6.08314084890572,"709 NM left 111","atop(atop(textstyle('ePCO'),textstyle(italic('in vivo'))))","B05","CBD"
"338","DSP1001660035014AB05.dcc","TFF3",7.35334349783532,"709 NM left 111","atop(atop(textstyle('ePCO'),textstyle(italic('in vivo'))))","B05","CBD"
"339","DSP1001660035014AB05.dcc","TFF1",6.18155733612724,"709 NM left 111","atop(atop(textstyle('ePCO'),textstyle(italic('in vivo'))))","B05","CBD"
"340","DSP1001660035014AB05.dcc","AQP5",5.28831730828832,"709 NM left 111","atop(atop(textstyle('ePCO'),textstyle(italic('in vivo'))))","B05","CBD"
"341","DSP1001660035014AB05.dcc","FGF19",5.73978701544544,"709 NM left 111","atop(atop(textstyle('ePCO'),textstyle(italic('in vivo'))))","B05","GB"
"342","DSP1001660035014AB05.dcc","SLC15A1",7.31048559528019,"709 NM left 111","atop(atop(textstyle('ePCO'),textstyle(italic('in vivo'))))","B05","GB"
"343","DSP1001660035014AB05.dcc","MUC13",8.16975316070298,"709 NM left 111","atop(atop(textstyle('ePCO'),textstyle(italic('in vivo'))))","B05","GB"
"344","DSP1001660035014AB05.dcc","SLC13A1",5.86354260080939,"709 NM left 111","atop(atop(textstyle('ePCO'),textstyle(italic('in vivo'))))","B05","GB"
"345","DSP1001660035014AB05.dcc","SOX17",5.28831730828832,"709 NM left 111","atop(atop(textstyle('ePCO'),textstyle(italic('in vivo'))))","B05","GB"
"352","DSP1001660035014AB07.dcc","DCDC2",7.10003267241824,"709 NM left 111","atop(atop(textstyle('ePCO'),textstyle(italic('in vivo'))))","B07","IHD"
"353","DSP1001660035014AB07.dcc","PKHD1",8.38708235489208,"709 NM left 111","atop(atop(textstyle('ePCO'),textstyle(italic('in vivo'))))","B07","IHD"
"354","DSP1001660035014AB07.dcc","HES4",6.19501300281508,"709 NM left 111","atop(atop(textstyle('ePCO'),textstyle(italic('in vivo'))))","B07","IHD"
"355","DSP1001660035014AB07.dcc","BICC1",6.59259496188506,"709 NM left 111","atop(atop(textstyle('ePCO'),textstyle(italic('in vivo'))))","B07","IHD"
"356","DSP1001660035014AB07.dcc","JAG1",7.65189275671437,"709 NM left 111","atop(atop(textstyle('ePCO'),textstyle(italic('in vivo'))))","B07","IHD"
"357","DSP1001660035014AB07.dcc","SOX4",7.3258570554662,"709 NM left 111","atop(atop(textstyle('ePCO'),textstyle(italic('in vivo'))))","B07","IHD"
"358","DSP1001660035014AB07.dcc","TACSTD2",7.95192374559086,"709 NM left 111","atop(atop(textstyle('ePCO'),textstyle(italic('in vivo'))))","B07","IHD"
"359","DSP1001660035014AB07.dcc","HES1",6.67695536967409,"709 NM left 111","atop(atop(textstyle('ePCO'),textstyle(italic('in vivo'))))","B07","IHD"
"360","DSP1001660035014AB07.dcc","TFF2",5.94579254266923,"709 NM left 111","atop(atop(textstyle('ePCO'),textstyle(italic('in vivo'))))","B07","CBD"
"361","DSP1001660035014AB07.dcc","TFF3",7.03758599511723,"709 NM left 111","atop(atop(textstyle('ePCO'),textstyle(italic('in vivo'))))","B07","CBD"
"362","DSP1001660035014AB07.dcc","TFF1",6.4074567056116,"709 NM left 111","atop(atop(textstyle('ePCO'),textstyle(italic('in vivo'))))","B07","CBD"
"363","DSP1001660035014AB07.dcc","AQP5",6.07577758874175,"709 NM left 111","atop(atop(textstyle('ePCO'),textstyle(italic('in vivo'))))","B07","CBD"
"364","DSP1001660035014AB07.dcc","FGF19",5.64434048266619,"709 NM left 111","atop(atop(textstyle('ePCO'),textstyle(italic('in vivo'))))","B07","GB"
"365","DSP1001660035014AB07.dcc","SLC15A1",7.3258570554662,"709 NM left 111","atop(atop(textstyle('ePCO'),textstyle(italic('in vivo'))))","B07","GB"
"366","DSP1001660035014AB07.dcc","MUC13",7.80969375311584,"709 NM left 111","atop(atop(textstyle('ePCO'),textstyle(italic('in vivo'))))","B07","GB"
"367","DSP1001660035014AB07.dcc","SLC13A1",4.38949886111978,"709 NM left 111","atop(atop(textstyle('ePCO'),textstyle(italic('in vivo'))))","B07","GB"
"368","DSP1001660035014AB07.dcc","SOX17",5.46614523640371,"709 NM left 111","atop(atop(textstyle('ePCO'),textstyle(italic('in vivo'))))","B07","GB"
"375","DSP1001660035014AB09.dcc","DCDC2",7.7801018611604,"709 NM left 111","atop(atop(textstyle('ePCO'),textstyle(italic('in vivo'))))","B09","IHD"
"376","DSP1001660035014AB09.dcc","PKHD1",8.88899836398802,"709 NM left 111","atop(atop(textstyle('ePCO'),textstyle(italic('in vivo'))))","B09","IHD"
"377","DSP1001660035014AB09.dcc","HES4",6.75722464560385,"709 NM left 111","atop(atop(textstyle('ePCO'),textstyle(italic('in vivo'))))","B09","IHD"
"378","DSP1001660035014AB09.dcc","BICC1",6.83765244037086,"709 NM left 111","atop(atop(textstyle('ePCO'),textstyle(italic('in vivo'))))","B09","IHD"
"379","DSP1001660035014AB09.dcc","JAG1",6.91383229585264,"709 NM left 111","atop(atop(textstyle('ePCO'),textstyle(italic('in vivo'))))","B09","IHD"
"380","DSP1001660035014AB09.dcc","SOX4",7.05509228386809,"709 NM left 111","atop(atop(textstyle('ePCO'),textstyle(italic('in vivo'))))","B09","IHD"
"381","DSP1001660035014AB09.dcc","TACSTD2",6.48493680204482,"709 NM left 111","atop(atop(textstyle('ePCO'),textstyle(italic('in vivo'))))","B09","IHD"
"382","DSP1001660035014AB09.dcc","HES1",6.91383229585264,"709 NM left 111","atop(atop(textstyle('ePCO'),textstyle(italic('in vivo'))))","B09","IHD"
"383","DSP1001660035014AB09.dcc","TFF2",5.52846730106693,"709 NM left 111","atop(atop(textstyle('ePCO'),textstyle(italic('in vivo'))))","B09","CBD"
"384","DSP1001660035014AB09.dcc","TFF3",7.30186052745784,"709 NM left 111","atop(atop(textstyle('ePCO'),textstyle(italic('in vivo'))))","B09","CBD"
"385","DSP1001660035014AB09.dcc","TFF1",5.87185245890542,"709 NM left 111","atop(atop(textstyle('ePCO'),textstyle(italic('in vivo'))))","B09","CBD"
"386","DSP1001660035014AB09.dcc","AQP5",5.32029798169669,"709 NM left 111","atop(atop(textstyle('ePCO'),textstyle(italic('in vivo'))))","B09","CBD"
"387","DSP1001660035014AB09.dcc","FGF19",5.07694324872366,"709 NM left 111","atop(atop(textstyle('ePCO'),textstyle(italic('in vivo'))))","B09","GB"
"388","DSP1001660035014AB09.dcc","SLC15A1",6.58152320454464,"709 NM left 111","atop(atop(textstyle('ePCO'),textstyle(italic('in vivo'))))","B09","GB"
"389","DSP1001660035014AB09.dcc","MUC13",7.56070774588323,"709 NM left 111","atop(atop(textstyle('ePCO'),textstyle(italic('in vivo'))))","B09","GB"
"390","DSP1001660035014AB09.dcc","SLC13A1",6.26989128823754,"709 NM left 111","atop(atop(textstyle('ePCO'),textstyle(italic('in vivo'))))","B09","GB"
"391","DSP1001660035014AB09.dcc","SOX17",5.32029798169669,"709 NM left 111","atop(atop(textstyle('ePCO'),textstyle(italic('in vivo'))))","B09","GB"
"398","DSP1001660035014AB11.dcc","DCDC2",8.53969897289831,"709 NM left 111","atop(atop(textstyle('ePCO'),textstyle(italic('in vivo'))))","B11","IHD"
"399","DSP1001660035014AB11.dcc","PKHD1",8.66301668537515,"709 NM left 111","atop(atop(textstyle('ePCO'),textstyle(italic('in vivo'))))","B11","IHD"
"400","DSP1001660035014AB11.dcc","HES4",6.34987028429161,"709 NM left 111","atop(atop(textstyle('ePCO'),textstyle(italic('in vivo'))))","B11","IHD"
"401","DSP1001660035014AB11.dcc","BICC1",7.62785813953111,"709 NM left 111","atop(atop(textstyle('ePCO'),textstyle(italic('in vivo'))))","B11","IHD"
"402","DSP1001660035014AB11.dcc","JAG1",6.94339658236408,"709 NM left 111","atop(atop(textstyle('ePCO'),textstyle(italic('in vivo'))))","B11","IHD"
"403","DSP1001660035014AB11.dcc","SOX4",7.68717680086248,"709 NM left 111","atop(atop(textstyle('ePCO'),textstyle(italic('in vivo'))))","B11","IHD"
"404","DSP1001660035014AB11.dcc","TACSTD2",7.90270751856098,"709 NM left 111","atop(atop(textstyle('ePCO'),textstyle(italic('in vivo'))))","B11","IHD"
"405","DSP1001660035014AB11.dcc","HES1",7.36269699252707,"709 NM left 111","atop(atop(textstyle('ePCO'),textstyle(italic('in vivo'))))","B11","IHD"
"406","DSP1001660035014AB11.dcc","TFF2",5.82421128736583,"709 NM left 111","atop(atop(textstyle('ePCO'),textstyle(italic('in vivo'))))","B11","CBD"
"407","DSP1001660035014AB11.dcc","TFF3",6.7343161005235,"709 NM left 111","atop(atop(textstyle('ePCO'),textstyle(italic('in vivo'))))","B11","CBD"
"408","DSP1001660035014AB11.dcc","TFF1",6.02148581538076,"709 NM left 111","atop(atop(textstyle('ePCO'),textstyle(italic('in vivo'))))","B11","CBD"
"409","DSP1001660035014AB11.dcc","AQP5",5.32386959446681,"709 NM left 111","atop(atop(textstyle('ePCO'),textstyle(italic('in vivo'))))","B11","CBD"
"410","DSP1001660035014AB11.dcc","FGF19",4.98876329474707,"709 NM left 111","atop(atop(textstyle('ePCO'),textstyle(italic('in vivo'))))","B11","GB"
"411","DSP1001660035014AB11.dcc","SLC15A1",7.43369428073081,"709 NM left 111","atop(atop(textstyle('ePCO'),textstyle(italic('in vivo'))))","B11","GB"
"412","DSP1001660035014AB11.dcc","MUC13",7.36269699252707,"709 NM left 111","atop(atop(textstyle('ePCO'),textstyle(italic('in vivo'))))","B11","GB"
"413","DSP1001660035014AB11.dcc","SLC13A1",5.32386959446681,"709 NM left 111","atop(atop(textstyle('ePCO'),textstyle(italic('in vivo'))))","B11","GB"
"414","DSP1001660035014AB11.dcc","SOX17",6.02148581538076,"709 NM left 111","atop(atop(textstyle('ePCO'),textstyle(italic('in vivo'))))","B11","GB"
"421","DSP1001660035014AC01.dcc","DCDC2",7.1102189739259,"709 NM left 111","atop(atop(textstyle('ePCO'),textstyle(italic('in vivo'))))","C01","IHD"
"422","DSP1001660035014AC01.dcc","PKHD1",8.28740323448061,"709 NM left 111","atop(atop(textstyle('ePCO'),textstyle(italic('in vivo'))))","C01","IHD"
"423","DSP1001660035014AC01.dcc","HES4",6.44138466968995,"709 NM left 111","atop(atop(textstyle('ePCO'),textstyle(italic('in vivo'))))","C01","IHD"
"424","DSP1001660035014AC01.dcc","BICC1",7.1102189739259,"709 NM left 111","atop(atop(textstyle('ePCO'),textstyle(italic('in vivo'))))","C01","IHD"
"425","DSP1001660035014AC01.dcc","JAG1",6.99899603094807,"709 NM left 111","atop(atop(textstyle('ePCO'),textstyle(italic('in vivo'))))","C01","IHD"
"426","DSP1001660035014AC01.dcc","SOX4",7.4001610205468,"709 NM left 111","atop(atop(textstyle('ePCO'),textstyle(italic('in vivo'))))","C01","IHD"
"427","DSP1001660035014AC01.dcc","TACSTD2",7.97111632163694,"709 NM left 111","atop(atop(textstyle('ePCO'),textstyle(italic('in vivo'))))","C01","IHD"
"428","DSP1001660035014AC01.dcc","HES1",6.602250117474,"709 NM left 111","atop(atop(textstyle('ePCO'),textstyle(italic('in vivo'))))","C01","IHD"
"429","DSP1001660035014AC01.dcc","TFF2",6.44138466968995,"709 NM left 111","atop(atop(textstyle('ePCO'),textstyle(italic('in vivo'))))","C01","CBD"
"430","DSP1001660035014AC01.dcc","TFF3",7.84814233941422,"709 NM left 111","atop(atop(textstyle('ePCO'),textstyle(italic('in vivo'))))","C01","CBD"
"431","DSP1001660035014AC01.dcc","TFF1",6.05318940993583,"709 NM left 111","atop(atop(textstyle('ePCO'),textstyle(italic('in vivo'))))","C01","CBD"
"432","DSP1001660035014AC01.dcc","AQP5",5.15582661598356,"709 NM left 111","atop(atop(textstyle('ePCO'),textstyle(italic('in vivo'))))","C01","CBD"
"433","DSP1001660035014AC01.dcc","FGF19",6.44138466968995,"709 NM left 111","atop(atop(textstyle('ePCO'),textstyle(italic('in vivo'))))","C01","GB"
"434","DSP1001660035014AC01.dcc","SLC15A1",6.44138466968995,"709 NM left 111","atop(atop(textstyle('ePCO'),textstyle(italic('in vivo'))))","C01","GB"
"435","DSP1001660035014AC01.dcc","MUC13",8.13791005665479,"709 NM left 111","atop(atop(textstyle('ePCO'),textstyle(italic('in vivo'))))","C01","GB"
"436","DSP1001660035014AC01.dcc","SLC13A1",5.52045805568599,"709 NM left 111","atop(atop(textstyle('ePCO'),textstyle(italic('in vivo'))))","C01","GB"
"437","DSP1001660035014AC01.dcc","SOX17",5.52045805568599,"709 NM left 111","atop(atop(textstyle('ePCO'),textstyle(italic('in vivo'))))","C01","GB"
"444","DSP1001660035014AC03.dcc","DCDC2",7.05276897183028,"709 NM left 111","atop(atop(textstyle('ePCO'),textstyle(italic('in vivo'))))","C03","IHD"
"445","DSP1001660035014AC03.dcc","PKHD1",8.35513776058269,"709 NM left 111","atop(atop(textstyle('ePCO'),textstyle(italic('in vivo'))))","C03","IHD"
"446","DSP1001660035014AC03.dcc","HES4",6.52684368951113,"709 NM left 111","atop(atop(textstyle('ePCO'),textstyle(italic('in vivo'))))","C03","IHD"
"447","DSP1001660035014AC03.dcc","BICC1",6.64848425442618,"709 NM left 111","atop(atop(textstyle('ePCO'),textstyle(italic('in vivo'))))","C03","IHD"
"448","DSP1001660035014AC03.dcc","JAG1",7.29557495382412,"709 NM left 111","atop(atop(textstyle('ePCO'),textstyle(italic('in vivo'))))","C03","IHD"
"449","DSP1001660035014AC03.dcc","SOX4",7.53523772006125,"709 NM left 111","atop(atop(textstyle('ePCO'),textstyle(italic('in vivo'))))","C03","IHD"
"450","DSP1001660035014AC03.dcc","TACSTD2",7.29557495382412,"709 NM left 111","atop(atop(textstyle('ePCO'),textstyle(italic('in vivo'))))","C03","IHD"
"451","DSP1001660035014AC03.dcc","HES1",6.64848425442618,"709 NM left 111","atop(atop(textstyle('ePCO'),textstyle(italic('in vivo'))))","C03","IHD"
"452","DSP1001660035014AC03.dcc","TFF2",6.16852219455525,"709 NM left 111","atop(atop(textstyle('ePCO'),textstyle(italic('in vivo'))))","C03","CBD"
"453","DSP1001660035014AC03.dcc","TFF3",6.46194783107588,"709 NM left 111","atop(atop(textstyle('ePCO'),textstyle(italic('in vivo'))))","C03","CBD"
"454","DSP1001660035014AC03.dcc","TFF1",5.90116453576759,"709 NM left 111","atop(atop(textstyle('ePCO'),textstyle(italic('in vivo'))))","C03","CBD"
"455","DSP1001660035014AC03.dcc","AQP5",5.30315399671738,"709 NM left 111","atop(atop(textstyle('ePCO'),textstyle(italic('in vivo'))))","C03","CBD"
"456","DSP1001660035014AC03.dcc","FGF19",5.44422779579043,"709 NM left 111","atop(atop(textstyle('ePCO'),textstyle(italic('in vivo'))))","C03","GB"
"457","DSP1001660035014AC03.dcc","SLC15A1",6.70566287491479,"709 NM left 111","atop(atop(textstyle('ePCO'),textstyle(italic('in vivo'))))","C03","GB"
"458","DSP1001660035014AC03.dcc","MUC13",7.82052449427748,"709 NM left 111","atop(atop(textstyle('ePCO'),textstyle(italic('in vivo'))))","C03","GB"
"459","DSP1001660035014AC03.dcc","SLC13A1",4.97136184113297,"709 NM left 111","atop(atop(textstyle('ePCO'),textstyle(italic('in vivo'))))","C03","GB"
"460","DSP1001660035014AC03.dcc","SOX17",6.24766025474841,"709 NM left 111","atop(atop(textstyle('ePCO'),textstyle(italic('in vivo'))))","C03","GB"
"467","DSP1001660035014AC05.dcc","DCDC2",7.80053903710814,"709 NM left 111","atop(atop(textstyle('ePCO'),textstyle(italic('in vivo'))))","C05","IHD"
"468","DSP1001660035014AC05.dcc","PKHD1",8.27040432853757,"709 NM left 111","atop(atop(textstyle('ePCO'),textstyle(italic('in vivo'))))","C05","IHD"
"469","DSP1001660035014AC05.dcc","HES4",6.20696807553441,"709 NM left 111","atop(atop(textstyle('ePCO'),textstyle(italic('in vivo'))))","C05","IHD"
"470","DSP1001660035014AC05.dcc","BICC1",6.94910490768252,"709 NM left 111","atop(atop(textstyle('ePCO'),textstyle(italic('in vivo'))))","C05","IHD"
"471","DSP1001660035014AC05.dcc","JAG1",7.14600801725087,"709 NM left 111","atop(atop(textstyle('ePCO'),textstyle(italic('in vivo'))))","C05","IHD"
"472","DSP1001660035014AC05.dcc","SOX4",7.51007845693873,"709 NM left 111","atop(atop(textstyle('ePCO'),textstyle(italic('in vivo'))))","C05","IHD"
"473","DSP1001660035014AC05.dcc","TACSTD2",6.83956311638445,"709 NM left 111","atop(atop(textstyle('ePCO'),textstyle(italic('in vivo'))))","C05","IHD"
"474","DSP1001660035014AC05.dcc","HES1",7.39862720092242,"709 NM left 111","atop(atop(textstyle('ePCO'),textstyle(italic('in vivo'))))","C05","IHD"
"475","DSP1001660035014AC05.dcc","TFF2",6.01876745922996,"709 NM left 111","atop(atop(textstyle('ePCO'),textstyle(italic('in vivo'))))","C05","CBD"
"476","DSP1001660035014AC05.dcc","TFF3",7.39862720092242,"709 NM left 111","atop(atop(textstyle('ePCO'),textstyle(italic('in vivo'))))","C05","CBD"
"477","DSP1001660035014AC05.dcc","TFF1",5.80227976809432,"709 NM left 111","atop(atop(textstyle('ePCO'),textstyle(italic('in vivo'))))","C05","CBD"
"478","DSP1001660035014AC05.dcc","AQP5",5.68049389758064,"709 NM left 111","atop(atop(textstyle('ePCO'),textstyle(italic('in vivo'))))","C05","CBD"
"479","DSP1001660035014AC05.dcc","FGF19",4.84294973610566,"709 NM left 111","atop(atop(textstyle('ePCO'),textstyle(italic('in vivo'))))","C05","GB"
"480","DSP1001660035014AC05.dcc","SLC15A1",6.59184749973841,"709 NM left 111","atop(atop(textstyle('ePCO'),textstyle(italic('in vivo'))))","C05","GB"
"481","DSP1001660035014AC05.dcc","MUC13",7.3192361543265,"709 NM left 111","atop(atop(textstyle('ePCO'),textstyle(italic('in vivo'))))","C05","GB"
"482","DSP1001660035014AC05.dcc","SLC13A1",5.23779555882471,"709 NM left 111","atop(atop(textstyle('ePCO'),textstyle(italic('in vivo'))))","C05","GB"
"483","DSP1001660035014AC05.dcc","SOX17",5.05383868327507,"709 NM left 111","atop(atop(textstyle('ePCO'),textstyle(italic('in vivo'))))","C05","GB"
"490","DSP1001660035014AC07.dcc","DCDC2",7.83380400098542,"709 NM left 111","atop(atop(textstyle('ePCO'),textstyle(italic('in vivo'))))","C07","IHD"
"491","DSP1001660035014AC07.dcc","PKHD1",8.55089679816431,"709 NM left 111","atop(atop(textstyle('ePCO'),textstyle(italic('in vivo'))))","C07","IHD"
"492","DSP1001660035014AC07.dcc","HES4",6.58405204764528,"709 NM left 111","atop(atop(textstyle('ePCO'),textstyle(italic('in vivo'))))","C07","IHD"
"493","DSP1001660035014AC07.dcc","BICC1",6.96945371526014,"709 NM left 111","atop(atop(textstyle('ePCO'),textstyle(italic('in vivo'))))","C07","IHD"
"494","DSP1001660035014AC07.dcc","JAG1",7.27330362460995,"709 NM left 111","atop(atop(textstyle('ePCO'),textstyle(italic('in vivo'))))","C07","IHD"
"495","DSP1001660035014AC07.dcc","SOX4",7.87951717972592,"709 NM left 111","atop(atop(textstyle('ePCO'),textstyle(italic('in vivo'))))","C07","IHD"
"496","DSP1001660035014AC07.dcc","TACSTD2",7.52415881467142,"709 NM left 111","atop(atop(textstyle('ePCO'),textstyle(italic('in vivo'))))","C07","IHD"
"497","DSP1001660035014AC07.dcc","HES1",7.05162291833147,"709 NM left 111","atop(atop(textstyle('ePCO'),textstyle(italic('in vivo'))))","C07","IHD"
"498","DSP1001660035014AC07.dcc","TFF2",5.47658773720189,"709 NM left 111","atop(atop(textstyle('ePCO'),textstyle(italic('in vivo'))))","C07","CBD"
"499","DSP1001660035014AC07.dcc","TFF3",6.78958432408973,"709 NM left 111","atop(atop(textstyle('ePCO'),textstyle(italic('in vivo'))))","C07","CBD"
"500","DSP1001660035014AC07.dcc","TFF1",5.69685861888656,"709 NM left 111","atop(atop(textstyle('ePCO'),textstyle(italic('in vivo'))))","C07","CBD"
"501","DSP1001660035014AC07.dcc","AQP5",5.47658773720189,"709 NM left 111","atop(atop(textstyle('ePCO'),textstyle(italic('in vivo'))))","C07","CBD"
"502","DSP1001660035014AC07.dcc","FGF19",5.21651825534724,"709 NM left 111","atop(atop(textstyle('ePCO'),textstyle(italic('in vivo'))))","C07","GB"
"503","DSP1001660035014AC07.dcc","SLC15A1",6.20760514065714,"709 NM left 111","atop(atop(textstyle('ePCO'),textstyle(italic('in vivo'))))","C07","GB"
"504","DSP1001660035014AC07.dcc","MUC13",6.6904752166111,"709 NM left 111","atop(atop(textstyle('ePCO'),textstyle(italic('in vivo'))))","C07","GB"
"505","DSP1001660035014AC07.dcc","SLC13A1",5.69685861888656,"709 NM left 111","atop(atop(textstyle('ePCO'),textstyle(italic('in vivo'))))","C07","GB"
"506","DSP1001660035014AC07.dcc","SOX17",5.47658773720189,"709 NM left 111","atop(atop(textstyle('ePCO'),textstyle(italic('in vivo'))))","C07","GB"
"513","DSP1001660035014AC09.dcc","DCDC2",7.20743267428395,"709 NM left 111","atop(atop(textstyle('ePCO'),textstyle(italic('in vivo'))))","C09","IHD"
"514","DSP1001660035014AC09.dcc","PKHD1",8.14769575211892,"709 NM left 111","atop(atop(textstyle('ePCO'),textstyle(italic('in vivo'))))","C09","IHD"
"515","DSP1001660035014AC09.dcc","HES4",6.69456989528196,"709 NM left 111","atop(atop(textstyle('ePCO'),textstyle(italic('in vivo'))))","C09","IHD"
"516","DSP1001660035014AC09.dcc","BICC1",7.32576187694321,"709 NM left 111","atop(atop(textstyle('ePCO'),textstyle(italic('in vivo'))))","C09","IHD"
"517","DSP1001660035014AC09.dcc","JAG1",7.60855945097714,"709 NM left 111","atop(atop(textstyle('ePCO'),textstyle(italic('in vivo'))))","C09","IHD"
"518","DSP1001660035014AC09.dcc","SOX4",7.76337021471044,"709 NM left 111","atop(atop(textstyle('ePCO'),textstyle(italic('in vivo'))))","C09","IHD"
"519","DSP1001660035014AC09.dcc","TACSTD2",7.56109512668437,"709 NM left 111","atop(atop(textstyle('ePCO'),textstyle(italic('in vivo'))))","C09","IHD"
"520","DSP1001660035014AC09.dcc","HES1",7.17626918185961,"709 NM left 111","atop(atop(textstyle('ePCO'),textstyle(italic('in vivo'))))","C09","IHD"
"521","DSP1001660035014AC09.dcc","TFF2",6.5069196474986,"709 NM left 111","atop(atop(textstyle('ePCO'),textstyle(italic('in vivo'))))","C09","CBD"
"522","DSP1001660035014AC09.dcc","TFF3",7.2678100992575,"709 NM left 111","atop(atop(textstyle('ePCO'),textstyle(italic('in vivo'))))","C09","CBD"
"523","DSP1001660035014AC09.dcc","TFF1",6.5069196474986,"709 NM left 111","atop(atop(textstyle('ePCO'),textstyle(italic('in vivo'))))","C09","CBD"
"524","DSP1001660035014AC09.dcc","AQP5",5.64061855690294,"709 NM left 111","atop(atop(textstyle('ePCO'),textstyle(italic('in vivo'))))","C09","CBD"
"525","DSP1001660035014AC09.dcc","FGF19",5.64061855690294,"709 NM left 111","atop(atop(textstyle('ePCO'),textstyle(italic('in vivo'))))","C09","GB"
"526","DSP1001660035014AC09.dcc","SLC15A1",7.0094760479144,"709 NM left 111","atop(atop(textstyle('ePCO'),textstyle(italic('in vivo'))))","C09","GB"
"527","DSP1001660035014AC09.dcc","MUC13",7.51201595881675,"709 NM left 111","atop(atop(textstyle('ePCO'),textstyle(italic('in vivo'))))","C09","GB"
"528","DSP1001660035014AC09.dcc","SLC13A1",5.54626769619782,"709 NM left 111","atop(atop(textstyle('ePCO'),textstyle(italic('in vivo'))))","C09","GB"
"529","DSP1001660035014AC09.dcc","SOX17",5.64061855690294,"709 NM left 111","atop(atop(textstyle('ePCO'),textstyle(italic('in vivo'))))","C09","GB"
"536","DSP1001660035014AC11.dcc","DCDC2",6.93100162557382,"709 NM left 111","atop(atop(textstyle('ePCO'),textstyle(italic('in vivo'))))","C11","IHD"
"537","DSP1001660035014AC11.dcc","PKHD1",8.25378346219163,"709 NM left 111","atop(atop(textstyle('ePCO'),textstyle(italic('in vivo'))))","C11","IHD"
"538","DSP1001660035014AC11.dcc","HES4",6.57445922957835,"709 NM left 111","atop(atop(textstyle('ePCO'),textstyle(italic('in vivo'))))","C11","IHD"
"539","DSP1001660035014AC11.dcc","BICC1",6.45400652123479,"709 NM left 111","atop(atop(textstyle('ePCO'),textstyle(italic('in vivo'))))","C11","IHD"
"540","DSP1001660035014AC11.dcc","JAG1",6.83779732979627,"709 NM left 111","atop(atop(textstyle('ePCO'),textstyle(italic('in vivo'))))","C11","IHD"
"541","DSP1001660035014AC11.dcc","SOX4",7.14064731946101,"709 NM left 111","atop(atop(textstyle('ePCO'),textstyle(italic('in vivo'))))","C11","IHD"
"542","DSP1001660035014AC11.dcc","TACSTD2",6.73815320130397,"709 NM left 111","atop(atop(textstyle('ePCO'),textstyle(italic('in vivo'))))","C11","IHD"
"543","DSP1001660035014AC11.dcc","HES1",7.39082137126545,"709 NM left 111","atop(atop(textstyle('ePCO'),textstyle(italic('in vivo'))))","C11","IHD"
"544","DSP1001660035014AC11.dcc","TFF2",6.38978613365812,"709 NM left 111","atop(atop(textstyle('ePCO'),textstyle(italic('in vivo'))))","C11","CBD"
"545","DSP1001660035014AC11.dcc","TFF3",6.17795495693171,"709 NM left 111","atop(atop(textstyle('ePCO'),textstyle(italic('in vivo'))))","C11","CBD"
"546","DSP1001660035014AC11.dcc","TFF1",6.099819172304,"709 NM left 111","atop(atop(textstyle('ePCO'),textstyle(italic('in vivo'))))","C11","CBD"
"547","DSP1001660035014AC11.dcc","AQP5",4.9267253221738,"709 NM left 111","atop(atop(textstyle('ePCO'),textstyle(italic('in vivo'))))","C11","CBD"
"548","DSP1001660035014AC11.dcc","FGF19",5.387713427202,"709 NM left 111","atop(atop(textstyle('ePCO'),textstyle(italic('in vivo'))))","C11","GB"
"549","DSP1001660035014AC11.dcc","SLC15A1",5.73652539804735,"709 NM left 111","atop(atop(textstyle('ePCO'),textstyle(italic('in vivo'))))","C11","GB"
"550","DSP1001660035014AC11.dcc","MUC13",7.3236578952192,"709 NM left 111","atop(atop(textstyle('ePCO'),textstyle(italic('in vivo'))))","C11","GB"
"551","DSP1001660035014AC11.dcc","SLC13A1",5.24979500458055,"709 NM left 111","atop(atop(textstyle('ePCO'),textstyle(italic('in vivo'))))","C11","GB"
"552","DSP1001660035014AC11.dcc","SOX17",5.62935959976302,"709 NM left 111","atop(atop(textstyle('ePCO'),textstyle(italic('in vivo'))))","C11","GB"
"559","DSP1001660035014AD01.dcc","DCDC2",7.05043905357977,"709 NM left 111","atop(atop(textstyle('ePCO'),textstyle(italic('in vivo'))))","D01","IHD"
"560","DSP1001660035014AD01.dcc","PKHD1",8.0858868328574,"709 NM left 111","atop(atop(textstyle('ePCO'),textstyle(italic('in vivo'))))","D01","IHD"
"561","DSP1001660035014AD01.dcc","HES4",5.51052696907884,"709 NM left 111","atop(atop(textstyle('ePCO'),textstyle(italic('in vivo'))))","D01","IHD"
"562","DSP1001660035014AD01.dcc","BICC1",6.24840297033878,"709 NM left 111","atop(atop(textstyle('ePCO'),textstyle(italic('in vivo'))))","D01","IHD"
"563","DSP1001660035014AD01.dcc","JAG1",7.38665094553615,"709 NM left 111","atop(atop(textstyle('ePCO'),textstyle(italic('in vivo'))))","D01","IHD"
"564","DSP1001660035014AD01.dcc","SOX4",7.14211771187851,"709 NM left 111","atop(atop(textstyle('ePCO'),textstyle(italic('in vivo'))))","D01","IHD"
"565","DSP1001660035014AD01.dcc","TACSTD2",6.07314010078712,"709 NM left 111","atop(atop(textstyle('ePCO'),textstyle(italic('in vivo'))))","D01","IHD"
"566","DSP1001660035014AD01.dcc","HES1",7.26955911075957,"709 NM left 111","atop(atop(textstyle('ePCO'),textstyle(italic('in vivo'))))","D01","IHD"
"567","DSP1001660035014AD01.dcc","TFF2",6.40466218390798,"709 NM left 111","atop(atop(textstyle('ePCO'),textstyle(italic('in vivo'))))","D01","CBD"
"568","DSP1001660035014AD01.dcc","TFF3",6.47687172659739,"709 NM left 111","atop(atop(textstyle('ePCO'),textstyle(italic('in vivo'))))","D01","CBD"
"569","DSP1001660035014AD01.dcc","TFF1",5.20513658547376,"709 NM left 111","atop(atop(textstyle('ePCO'),textstyle(italic('in vivo'))))","D01","CBD"
"570","DSP1001660035014AD01.dcc","AQP5",5.02418915994322,"709 NM left 111","atop(atop(textstyle('ePCO'),textstyle(italic('in vivo'))))","D01","CBD"
"571","DSP1001660035014AD01.dcc","FGF19",5.64196946581976,"709 NM left 111","atop(atop(textstyle('ePCO'),textstyle(italic('in vivo'))))","D01","GB"
"572","DSP1001660035014AD01.dcc","SLC15A1",6.7919735235221,"709 NM left 111","atop(atop(textstyle('ePCO'),textstyle(italic('in vivo'))))","D01","GB"
"573","DSP1001660035014AD01.dcc","MUC13",6.90097601056406,"709 NM left 111","atop(atop(textstyle('ePCO'),textstyle(italic('in vivo'))))","D01","GB"
"574","DSP1001660035014AD01.dcc","SLC13A1",5.87360290110765,"709 NM left 111","atop(atop(textstyle('ePCO'),textstyle(italic('in vivo'))))","D01","GB"
"575","DSP1001660035014AD01.dcc","SOX17",5.87360290110765,"709 NM left 111","atop(atop(textstyle('ePCO'),textstyle(italic('in vivo'))))","D01","GB"
"582","DSP1001660035014AE07.dcc","DCDC2",7.57588424158144,"936 NM left 57","atop(atop(textstyle('ePCO'),textstyle(italic('in vivo'))))","E07","IHD"
"583","DSP1001660035014AE07.dcc","PKHD1",8.96052301397576,"936 NM left 57","atop(atop(textstyle('ePCO'),textstyle(italic('in vivo'))))","E07","IHD"
"584","DSP1001660035014AE07.dcc","HES4",7.30251637098531,"936 NM left 57","atop(atop(textstyle('ePCO'),textstyle(italic('in vivo'))))","E07","IHD"
"585","DSP1001660035014AE07.dcc","BICC1",7.57588424158144,"936 NM left 57","atop(atop(textstyle('ePCO'),textstyle(italic('in vivo'))))","E07","IHD"
"586","DSP1001660035014AE07.dcc","JAG1",7.69531624339306,"936 NM left 57","atop(atop(textstyle('ePCO'),textstyle(italic('in vivo'))))","E07","IHD"
"587","DSP1001660035014AE07.dcc","SOX4",7.08646076752542,"936 NM left 57","atop(atop(textstyle('ePCO'),textstyle(italic('in vivo'))))","E07","IHD"
"588","DSP1001660035014AE07.dcc","TACSTD2",8.2049951661681,"936 NM left 57","atop(atop(textstyle('ePCO'),textstyle(italic('in vivo'))))","E07","IHD"
"589","DSP1001660035014AE07.dcc","HES1",6.96494796213695,"936 NM left 57","atop(atop(textstyle('ePCO'),textstyle(italic('in vivo'))))","E07","IHD"
"590","DSP1001660035014AE07.dcc","TFF2",6.43470367519004,"936 NM left 57","atop(atop(textstyle('ePCO'),textstyle(italic('in vivo'))))","E07","CBD"
"591","DSP1001660035014AE07.dcc","TFF3",6.34012638045393,"936 NM left 57","atop(atop(textstyle('ePCO'),textstyle(italic('in vivo'))))","E07","CBD"
"592","DSP1001660035014AE07.dcc","TFF1",6.34012638045393,"936 NM left 57","atop(atop(textstyle('ePCO'),textstyle(italic('in vivo'))))","E07","CBD"
"593","DSP1001660035014AE07.dcc","AQP5",4.98251327148857,"936 NM left 57","atop(atop(textstyle('ePCO'),textstyle(italic('in vivo'))))","E07","CBD"
"594","DSP1001660035014AE07.dcc","FGF19",5.74336667802936,"936 NM left 57","atop(atop(textstyle('ePCO'),textstyle(italic('in vivo'))))","E07","GB"
"595","DSP1001660035014AE07.dcc","SLC15A1",6.607071846464,"936 NM left 57","atop(atop(textstyle('ePCO'),textstyle(italic('in vivo'))))","E07","GB"
"596","DSP1001660035014AE07.dcc","MUC13",7.25145954016259,"936 NM left 57","atop(atop(textstyle('ePCO'),textstyle(italic('in vivo'))))","E07","GB"
"597","DSP1001660035014AE07.dcc","SLC13A1",5.58740964884599,"936 NM left 57","atop(atop(textstyle('ePCO'),textstyle(italic('in vivo'))))","E07","GB"
"598","DSP1001660035014AE07.dcc","SOX17",5.41252694015985,"936 NM left 57","atop(atop(textstyle('ePCO'),textstyle(italic('in vivo'))))","E07","GB"
"605","DSP1001660035014AE09.dcc","DCDC2",7.38857164937124,"936 NM left 57","atop(atop(textstyle('ePCO'),textstyle(italic('in vivo'))))","E09","IHD"
"606","DSP1001660035014AE09.dcc","PKHD1",8.88385968721466,"936 NM left 57","atop(atop(textstyle('ePCO'),textstyle(italic('in vivo'))))","E09","IHD"
"607","DSP1001660035014AE09.dcc","HES4",6.98777406967329,"936 NM left 57","atop(atop(textstyle('ePCO'),textstyle(italic('in vivo'))))","E09","IHD"
"608","DSP1001660035014AE09.dcc","BICC1",6.6655781616526,"936 NM left 57","atop(atop(textstyle('ePCO'),textstyle(italic('in vivo'))))","E09","IHD"
"609","DSP1001660035014AE09.dcc","JAG1",7.38857164937124,"936 NM left 57","atop(atop(textstyle('ePCO'),textstyle(italic('in vivo'))))","E09","IHD"
"610","DSP1001660035014AE09.dcc","SOX4",7.29832149534719,"936 NM left 57","atop(atop(textstyle('ePCO'),textstyle(italic('in vivo'))))","E09","IHD"
"611","DSP1001660035014AE09.dcc","TACSTD2",7.92939355020592,"936 NM left 57","atop(atop(textstyle('ePCO'),textstyle(italic('in vivo'))))","E09","IHD"
"612","DSP1001660035014AE09.dcc","HES1",6.9288357485498,"936 NM left 57","atop(atop(textstyle('ePCO'),textstyle(italic('in vivo'))))","E09","IHD"
"613","DSP1001660035014AE09.dcc","TFF2",7.59221179392718,"936 NM left 57","atop(atop(textstyle('ePCO'),textstyle(italic('in vivo'))))","E09","CBD"
"614","DSP1001660035014AE09.dcc","TFF3",7.29832149534719,"936 NM left 57","atop(atop(textstyle('ePCO'),textstyle(italic('in vivo'))))","E09","CBD"
"615","DSP1001660035014AE09.dcc","TFF1",6.51342626164879,"936 NM left 57","atop(atop(textstyle('ePCO'),textstyle(italic('in vivo'))))","E09","CBD"
"616","DSP1001660035014AE09.dcc","AQP5",5.34163988202258,"936 NM left 57","atop(atop(textstyle('ePCO'),textstyle(italic('in vivo'))))","E09","CBD"
"617","DSP1001660035014AE09.dcc","FGF19",5.92771949781731,"936 NM left 57","atop(atop(textstyle('ePCO'),textstyle(italic('in vivo'))))","E09","GB"
"618","DSP1001660035014AE09.dcc","SLC15A1",6.86738668920005,"936 NM left 57","atop(atop(textstyle('ePCO'),textstyle(italic('in vivo'))))","E09","GB"
"619","DSP1001660035014AE09.dcc","MUC13",7.92939355020592,"936 NM left 57","atop(atop(textstyle('ePCO'),textstyle(italic('in vivo'))))","E09","GB"
"620","DSP1001660035014AE09.dcc","SLC13A1",5.66423834974996,"936 NM left 57","atop(atop(textstyle('ePCO'),textstyle(italic('in vivo'))))","E09","GB"
"621","DSP1001660035014AE09.dcc","SOX17",5.51193735127661,"936 NM left 57","atop(atop(textstyle('ePCO'),textstyle(italic('in vivo'))))","E09","GB"
"628","DSP1001660035014AE11.dcc","DCDC2",7.7373166811118,"936 NM left 57","atop(atop(textstyle('ePCO'),textstyle(italic('in vivo'))))","E11","IHD"
"629","DSP1001660035014AE11.dcc","PKHD1",9.13005928934531,"936 NM left 57","atop(atop(textstyle('ePCO'),textstyle(italic('in vivo'))))","E11","IHD"
"630","DSP1001660035014AE11.dcc","HES4",7.03106621501234,"936 NM left 57","atop(atop(textstyle('ePCO'),textstyle(italic('in vivo'))))","E11","IHD"
"631","DSP1001660035014AE11.dcc","BICC1",7.11941927629901,"936 NM left 57","atop(atop(textstyle('ePCO'),textstyle(italic('in vivo'))))","E11","IHD"
"632","DSP1001660035014AE11.dcc","JAG1",7.35601881949472,"936 NM left 57","atop(atop(textstyle('ePCO'),textstyle(italic('in vivo'))))","E11","IHD"
"633","DSP1001660035014AE11.dcc","SOX4",7.62106604819603,"936 NM left 57","atop(atop(textstyle('ePCO'),textstyle(italic('in vivo'))))","E11","IHD"
"634","DSP1001660035014AE11.dcc","TACSTD2",6.9369472300743,"936 NM left 57","atop(atop(textstyle('ePCO'),textstyle(italic('in vivo'))))","E11","IHD"
"635","DSP1001660035014AE11.dcc","HES1",7.42698352624774,"936 NM left 57","atop(atop(textstyle('ePCO'),textstyle(italic('in vivo'))))","E11","IHD"
"636","DSP1001660035014AE11.dcc","TFF2",5.31929936981884,"936 NM left 57","atop(atop(textstyle('ePCO'),textstyle(italic('in vivo'))))","E11","CBD"
"637","DSP1001660035014AE11.dcc","TFF3",6.01584781946747,"936 NM left 57","atop(atop(textstyle('ePCO'),textstyle(italic('in vivo'))))","E11","CBD"
"638","DSP1001660035014AE11.dcc","TFF1",6.18916858686824,"936 NM left 57","atop(atop(textstyle('ePCO'),textstyle(italic('in vivo'))))","E11","CBD"
"639","DSP1001660035014AE11.dcc","AQP5",5.59057480027801,"936 NM left 57","atop(atop(textstyle('ePCO'),textstyle(italic('in vivo'))))","E11","CBD"
"640","DSP1001660035014AE11.dcc","FGF19",6.01584781946747,"936 NM left 57","atop(atop(textstyle('ePCO'),textstyle(italic('in vivo'))))","E11","GB"
"641","DSP1001660035014AE11.dcc","SLC15A1",6.34388254995127,"936 NM left 57","atop(atop(textstyle('ePCO'),textstyle(italic('in vivo'))))","E11","GB"
"642","DSP1001660035014AE11.dcc","MUC13",6.48360027541154,"936 NM left 57","atop(atop(textstyle('ePCO'),textstyle(italic('in vivo'))))","E11","GB"
"643","DSP1001660035014AE11.dcc","SLC13A1",4.98492079491822,"936 NM left 57","atop(atop(textstyle('ePCO'),textstyle(italic('in vivo'))))","E11","GB"
"644","DSP1001660035014AE11.dcc","SOX17",6.61097373321131,"936 NM left 57","atop(atop(textstyle('ePCO'),textstyle(italic('in vivo'))))","E11","GB"
"651","DSP1001660035014AF02.dcc","DCDC2",7.84936646176375,"936 NM left 57","atop(atop(textstyle('ePCO'),textstyle(italic('in vivo'))))","F02","IHD"
"652","DSP1001660035014AF02.dcc","PKHD1",8.96927360698384,"936 NM left 57","atop(atop(textstyle('ePCO'),textstyle(italic('in vivo'))))","F02","IHD"
"653","DSP1001660035014AF02.dcc","HES4",6.23417559249669,"936 NM left 57","atop(atop(textstyle('ePCO'),textstyle(italic('in vivo'))))","F02","IHD"
"654","DSP1001660035014AF02.dcc","BICC1",7.57388290271129,"936 NM left 57","atop(atop(textstyle('ePCO'),textstyle(italic('in vivo'))))","F02","IHD"
"655","DSP1001660035014AF02.dcc","JAG1",7.02679545267583,"936 NM left 57","atop(atop(textstyle('ePCO'),textstyle(italic('in vivo'))))","F02","IHD"
"656","DSP1001660035014AF02.dcc","SOX4",7.61133536346847,"936 NM left 57","atop(atop(textstyle('ePCO'),textstyle(italic('in vivo'))))","F02","IHD"
"657","DSP1001660035014AF02.dcc","TACSTD2",7.61133536346847,"936 NM left 57","atop(atop(textstyle('ePCO'),textstyle(italic('in vivo'))))","F02","IHD"
"658","DSP1001660035014AF02.dcc","HES1",6.57475017708798,"936 NM left 57","atop(atop(textstyle('ePCO'),textstyle(italic('in vivo'))))","F02","IHD"
"659","DSP1001660035014AF02.dcc","TFF2",6.13479674835431,"936 NM left 57","atop(atop(textstyle('ePCO'),textstyle(italic('in vivo'))))","F02","CBD"
"660","DSP1001660035014AF02.dcc","TFF3",6.71897493149442,"936 NM left 57","atop(atop(textstyle('ePCO'),textstyle(italic('in vivo'))))","F02","CBD"
"661","DSP1001660035014AF02.dcc","TFF1",5.49867307691239,"936 NM left 57","atop(atop(textstyle('ePCO'),textstyle(italic('in vivo'))))","F02","CBD"
"662","DSP1001660035014AF02.dcc","AQP5",4.91553734036048,"936 NM left 57","atop(atop(textstyle('ePCO'),textstyle(italic('in vivo'))))","F02","CBD"
"663","DSP1001660035014AF02.dcc","FGF19",5.32920498340929,"936 NM left 57","atop(atop(textstyle('ePCO'),textstyle(italic('in vivo'))))","F02","GB"
"664","DSP1001660035014AF02.dcc","SLC15A1",6.91142386339965,"936 NM left 57","atop(atop(textstyle('ePCO'),textstyle(italic('in vivo'))))","F02","GB"
"665","DSP1001660035014AF02.dcc","MUC13",6.78601780460673,"936 NM left 57","atop(atop(textstyle('ePCO'),textstyle(italic('in vivo'))))","F02","GB"
"666","DSP1001660035014AF02.dcc","SLC13A1",5.49867307691239,"936 NM left 57","atop(atop(textstyle('ePCO'),textstyle(italic('in vivo'))))","F02","GB"
"667","DSP1001660035014AF02.dcc","SOX17",6.23417559249669,"936 NM left 57","atop(atop(textstyle('ePCO'),textstyle(italic('in vivo'))))","F02","GB"
"674","DSP1001660035014AF04.dcc","DCDC2",7.50564267078395,"936 NM left 57","atop(atop(textstyle('ePCO'),textstyle(italic('in vivo'))))","F04","IHD"
"675","DSP1001660035014AF04.dcc","PKHD1",8.67172964932875,"936 NM left 57","atop(atop(textstyle('ePCO'),textstyle(italic('in vivo'))))","F04","IHD"
"676","DSP1001660035014AF04.dcc","HES4",6.43528570867972,"936 NM left 57","atop(atop(textstyle('ePCO'),textstyle(italic('in vivo'))))","F04","IHD"
"677","DSP1001660035014AF04.dcc","BICC1",7.19014803751592,"936 NM left 57","atop(atop(textstyle('ePCO'),textstyle(italic('in vivo'))))","F04","IHD"
"678","DSP1001660035014AF04.dcc","JAG1",6.83671913456047,"936 NM left 57","atop(atop(textstyle('ePCO'),textstyle(italic('in vivo'))))","F04","IHD"
"679","DSP1001660035014AF04.dcc","SOX4",7.10957262494021,"936 NM left 57","atop(atop(textstyle('ePCO'),textstyle(italic('in vivo'))))","F04","IHD"
"680","DSP1001660035014AF04.dcc","TACSTD2",7.56728050592371,"936 NM left 57","atop(atop(textstyle('ePCO'),textstyle(italic('in vivo'))))","F04","IHD"
"681","DSP1001660035014AF04.dcc","HES1",6.88593054018169,"936 NM left 57","atop(atop(textstyle('ePCO'),textstyle(italic('in vivo'))))","F04","IHD"
"682","DSP1001660035014AF04.dcc","TFF2",7.02422942952448,"936 NM left 57","atop(atop(textstyle('ePCO'),textstyle(italic('in vivo'))))","F04","CBD"
"683","DSP1001660035014AF04.dcc","TFF3",7.06753199904791,"936 NM left 57","atop(atop(textstyle('ePCO'),textstyle(italic('in vivo'))))","F04","CBD"
"684","DSP1001660035014AF04.dcc","TFF1",6.43528570867972,"936 NM left 57","atop(atop(textstyle('ePCO'),textstyle(italic('in vivo'))))","F04","CBD"
"685","DSP1001660035014AF04.dcc","AQP5",5.77635839838217,"936 NM left 57","atop(atop(textstyle('ePCO'),textstyle(italic('in vivo'))))","F04","CBD"
"686","DSP1001660035014AF04.dcc","FGF19",5.28335813258111,"936 NM left 57","atop(atop(textstyle('ePCO'),textstyle(italic('in vivo'))))","F04","GB"
"687","DSP1001660035014AF04.dcc","SLC15A1",7.30315424059761,"936 NM left 57","atop(atop(textstyle('ePCO'),textstyle(italic('in vivo'))))","F04","GB"
"688","DSP1001660035014AF04.dcc","MUC13",7.44125342650716,"936 NM left 57","atop(atop(textstyle('ePCO'),textstyle(italic('in vivo'))))","F04","GB"
"689","DSP1001660035014AF04.dcc","SLC13A1",5.42327570201094,"936 NM left 57","atop(atop(textstyle('ePCO'),textstyle(italic('in vivo'))))","F04","GB"
"690","DSP1001660035014AF04.dcc","SOX17",5.55081520776052,"936 NM left 57","atop(atop(textstyle('ePCO'),textstyle(italic('in vivo'))))","F04","GB"
"697","DSP1001660035014AF06.dcc","DCDC2",7.39258272780999,"936 NM left 57","atop(atop(textstyle('ePCO'),textstyle(italic('in vivo'))))","F06","IHD"
"698","DSP1001660035014AF06.dcc","PKHD1",8.82873104408263,"936 NM left 57","atop(atop(textstyle('ePCO'),textstyle(italic('in vivo'))))","F06","IHD"
"699","DSP1001660035014AF06.dcc","HES4",6.04676615334697,"936 NM left 57","atop(atop(textstyle('ePCO'),textstyle(italic('in vivo'))))","F06","IHD"
"700","DSP1001660035014AF06.dcc","BICC1",7.64300196100985,"936 NM left 57","atop(atop(textstyle('ePCO'),textstyle(italic('in vivo'))))","F06","IHD"
"701","DSP1001660035014AF06.dcc","JAG1",6.7905062969847,"936 NM left 57","atop(atop(textstyle('ePCO'),textstyle(italic('in vivo'))))","F06","IHD"
"702","DSP1001660035014AF06.dcc","SOX4",7.39258272780999,"936 NM left 57","atop(atop(textstyle('ePCO'),textstyle(italic('in vivo'))))","F06","IHD"
"703","DSP1001660035014AF06.dcc","TACSTD2",7.59627527519111,"936 NM left 57","atop(atop(textstyle('ePCO'),textstyle(italic('in vivo'))))","F06","IHD"
"704","DSP1001660035014AF06.dcc","HES1",7.02025813249835,"936 NM left 57","atop(atop(textstyle('ePCO'),textstyle(italic('in vivo'))))","F06","IHD"
"705","DSP1001660035014AF06.dcc","TFF2",6.30101855872239,"936 NM left 57","atop(atop(textstyle('ePCO'),textstyle(italic('in vivo'))))","F06","CBD"
"706","DSP1001660035014AF06.dcc","TFF3",6.17948612326083,"936 NM left 57","atop(atop(textstyle('ePCO'),textstyle(italic('in vivo'))))","F06","CBD"
"707","DSP1001660035014AF06.dcc","TFF1",6.30101855872239,"936 NM left 57","atop(atop(textstyle('ePCO'),textstyle(italic('in vivo'))))","F06","CBD"
"708","DSP1001660035014AF06.dcc","AQP5",5.90058816791819,"936 NM left 57","atop(atop(textstyle('ePCO'),textstyle(italic('in vivo'))))","F06","CBD"
"709","DSP1001660035014AF06.dcc","FGF19",5.55453281490373,"936 NM left 57","atop(atop(textstyle('ePCO'),textstyle(italic('in vivo'))))","F06","GB"
"710","DSP1001660035014AF06.dcc","SLC15A1",6.7905062969847,"936 NM left 57","atop(atop(textstyle('ePCO'),textstyle(italic('in vivo'))))","F06","GB"
"711","DSP1001660035014AF06.dcc","MUC13",7.02025813249835,"936 NM left 57","atop(atop(textstyle('ePCO'),textstyle(italic('in vivo'))))","F06","GB"
"712","DSP1001660035014AF06.dcc","SLC13A1",5.73791163179539,"936 NM left 57","atop(atop(textstyle('ePCO'),textstyle(italic('in vivo'))))","F06","GB"
"713","DSP1001660035014AF06.dcc","SOX17",5.34440354826212,"936 NM left 57","atop(atop(textstyle('ePCO'),textstyle(italic('in vivo'))))","F06","GB"
